-- phpMyAdmin SQL Dump
-- version 4.4.14
-- http://www.phpmyadmin.net
--
-- Host: localhost
-- Generation Time: Mar 26, 2016 at 01:24 PM
-- Server version: 5.6.26
-- PHP Version: 5.5.28

SET SQL_MODE = "NO_AUTO_VALUE_ON_ZERO";
SET time_zone = "+00:00";


/*!40101 SET @OLD_CHARACTER_SET_CLIENT=@@CHARACTER_SET_CLIENT */;
/*!40101 SET @OLD_CHARACTER_SET_RESULTS=@@CHARACTER_SET_RESULTS */;
/*!40101 SET @OLD_COLLATION_CONNECTION=@@COLLATION_CONNECTION */;
/*!40101 SET NAMES utf8mb4 */;

--
-- Database: `sketchup_oulu`
--

--
-- Dumping data for table `journals`
--

--
-- Dumping data for table `journal_categories`
--

INSERT INTO `journal_categories` (`id`, `name`, `description`, `is_activated`) VALUES(4, 'Basic info', '', 1);
INSERT INTO `journal_categories` (`id`, `name`, `description`, `is_activated`) VALUES(5, 'Sketchup Tutorial', '', 1);
INSERT INTO `journal_categories` (`id`, `name`, `description`, `is_activated`) VALUES(6, 'Email contents to user', 'Email to user', 1);

--
-- Dumping data for table `comment_topics`
--

INSERT INTO `comment_topics` (`id`, `title`, `comment_type`, `owner_id`, `created_time`, `is_suggestion`) VALUES(1, 'Comments for journal', 'journal', 1, '2016-02-09 18:58:20', 1);
INSERT INTO `comment_topics` (`id`, `title`, `comment_type`, `owner_id`, `created_time`, `is_suggestion`) VALUES(2, 'Comments for journal', 'journal', 1, '2016-02-09 18:58:20', 1);
INSERT INTO `comment_topics` (`id`, `title`, `comment_type`, `owner_id`, `created_time`, `is_suggestion`) VALUES(3, 'Comments for journal', 'journal', 1, '2016-02-09 18:58:20', 1);
INSERT INTO `comment_topics` (`id`, `title`, `comment_type`, `owner_id`, `created_time`, `is_suggestion`) VALUES(4, 'Comments for journal', 'journal', 1, '2016-02-09 18:58:20', 1);
INSERT INTO `comment_topics` (`id`, `title`, `comment_type`, `owner_id`, `created_time`, `is_suggestion`) VALUES(5, 'Comments for journal', 'journal', 1, '2016-02-09 18:58:20', 1);
INSERT INTO `comment_topics` (`id`, `title`, `comment_type`, `owner_id`, `created_time`, `is_suggestion`) VALUES(6, 'Comments for journal', 'journal', 1, '2016-02-09 18:58:20', 1);
INSERT INTO `comment_topics` (`id`, `title`, `comment_type`, `owner_id`, `created_time`, `is_suggestion`) VALUES(7, 'Comments for journal', 'journal', 1, '2016-02-09 18:58:20', 1);
INSERT INTO `comment_topics` (`id`, `title`, `comment_type`, `owner_id`, `created_time`, `is_suggestion`) VALUES(8, 'Comments for journal', 'journal', 1, '2016-02-09 18:58:20', 1);
INSERT INTO `comment_topics` (`id`, `title`, `comment_type`, `owner_id`, `created_time`, `is_suggestion`) VALUES(9, 'Comments for journal', 'journal', 1, '2016-02-09 18:58:20', 1);
INSERT INTO `comment_topics` (`id`, `title`, `comment_type`, `owner_id`, `created_time`, `is_suggestion`) VALUES(10, 'Comments for journal', 'journal', 1, '2016-02-09 18:58:20', 1);


INSERT INTO `journals` (`id`, `title`, `content`, `created_user_id`, `post_time`, `last_edited_user_id`, `last_edited_time`, `is_activated`, `category_id`, `comment_topic_id`) VALUES(5, 'Contact', 'DF.thangld@hotmail.com', 1, '2016-01-02 19:47:40', NULL, NULL, 1, 4, 1);
INSERT INTO `journals` (`id`, `title`, `content`, `created_user_id`, `post_time`, `last_edited_user_id`, `last_edited_time`, `is_activated`, `category_id`, `comment_topic_id`) VALUES(8, 'Terms of Service', 'Terms of Service', 1, '2016-02-10 15:34:43', NULL, NULL, 1, 4, 2);
INSERT INTO `journals` (`id`, `title`, `content`, `created_user_id`, `post_time`, `last_edited_user_id`, `last_edited_time`, `is_activated`, `category_id`, `comment_topic_id`) VALUES(9, 'Privacy Policy', 'Privacy Policy', 1, '2016-02-10 15:36:57', NULL, NULL, 1, 4, 3);
INSERT INTO `journals` (`id`, `title`, `content`, `created_user_id`, `post_time`, `last_edited_user_id`, `last_edited_time`, `is_activated`, `category_id`, `comment_topic_id`) VALUES(114, 'About us', 'About us', 1, '2016-03-06 21:05:51', NULL, NULL, 1, 4, 4);
INSERT INTO `journals` (`id`, `title`, `content`, `created_user_id`, `post_time`, `last_edited_user_id`, `last_edited_time`, `is_activated`, `category_id`, `comment_topic_id`) VALUES(115, 'How to upload models', '<p>How to upload models</p>', 1, '2016-03-06 21:52:54', NULL, NULL, 1, 5, 5);
INSERT INTO `journals` (`id`, `title`, `content`, `created_user_id`, `post_time`, `last_edited_user_id`, `last_edited_time`, `is_activated`, `category_id`, `comment_topic_id`) VALUES(116, 'Keyboard shortcut when editing scenario', 'Keyboard shortcut when editing scenario', 1, '2016-03-06 22:35:24', NULL, NULL, 1, 5, 6);
INSERT INTO `journals` (`id`, `title`, `content`, `created_user_id`, `post_time`, `last_edited_user_id`, `last_edited_time`, `is_activated`, `category_id`, `comment_topic_id`) VALUES(117, 'Guide on editing scenario', '<p><br></p>', 1, '2016-03-07 00:14:17', NULL, NULL, 1, 5, 7);
INSERT INTO `journals` (`id`, `title`, `content`, `created_user_id`, `post_time`, `last_edited_user_id`, `last_edited_time`, `is_activated`, `category_id`, `comment_topic_id`) VALUES(120, 'Activation email', 'Activation email', 1, '2016-03-13 15:40:55', NULL, NULL, 1, 6, 8);
INSERT INTO `journals` (`id`, `title`, `content`, `created_user_id`, `post_time`, `last_edited_user_id`, `last_edited_time`, `is_activated`, `category_id`, `comment_topic_id`) VALUES(121, 'Reset your password', 'Reset your password', 1, '2016-03-13 16:34:03', NULL, NULL, 1, 6, 9);
INSERT INTO `journals` (`id`, `title`, `content`, `created_user_id`, `post_time`, `last_edited_user_id`, `last_edited_time`, `is_activated`, `category_id`, `comment_topic_id`) VALUES(122, 'System email to user for new password', 'System email to user for new password', 1, '2016-03-13 16:36:45', NULL, NULL, 1, 6, 10);



--
-- Dumping data for table `journal_contents`
--

INSERT INTO `journal_contents` (`id`, `journal_id`, `locale`, `title`, `content`) VALUES(11, 8, 'fi', 'Käyttöehdot', '<p>Käyttöehtoja in Englanti<br></p>');
INSERT INTO `journal_contents` (`id`, `journal_id`, `locale`, `title`, `content`) VALUES(12, 8, 'en', 'Terms of Service', '<p>Terms of Service in English<br></p>');
INSERT INTO `journal_contents` (`id`, `journal_id`, `locale`, `title`, `content`) VALUES(253, 5, 'en', 'Contact', 'You can email us at df.thangld ( at ) hotmail.com');
INSERT INTO `journal_contents` (`id`, `journal_id`, `locale`, `title`, `content`) VALUES(254, 5, 'fi', 'Ottaa yhteyttä', '<p><font color="#2e2e2e" face="Open Sans"><span style="font-size: 11.9283px; line-height: 17.8925px;">Voit lähettää meille sähköpostia osoitteeseen</span></font><span style="color: rgb(46, 46, 46); font-family: ''Open Sans''; font-size: 11.9283px; line-height: 17.8925px;">&nbsp;</span><span style="color: rgb(46, 46, 46); font-family: ''Open Sans''; font-size: 11.9283px; line-height: 17.8925px;">df.thangld&nbsp;</span><span style="color: rgb(46, 46, 46); font-family: ''Open Sans''; font-size: 11.9283px; line-height: 17.8925px;">( ät )&nbsp;</span><span style="color: rgb(46, 46, 46); font-family: ''Open Sans''; font-size: 11.9283px; line-height: 17.8925px;">hotmail.com</span><br></p>');
INSERT INTO `journal_contents` (`id`, `journal_id`, `locale`, `title`, `content`) VALUES(273, NULL, 'fi', 'Guide on editing scenario', '<p style="color: rgb(51, 51, 51); line-height: 18.2px;">This article describes keyboard shortcuts that are available in SketchupOulu when editing or creating a scenario.</p><p style="color: rgb(51, 51, 51); line-height: 18.2px;"><b>Note:</b></p><p style="color: rgb(51, 51, 51); line-height: 18.2px;">- To use keyboard shortcut, the mouse must hover over the scenario''s area or the scenario must be in full screen mode.</p><p style="color: rgb(51, 51, 51); line-height: 18.2px;">-&nbsp;For keyboard shortcuts in which you press two or more keys at the same time, the keys to press are separated by a plus sign (+).</p><p style="color: rgb(51, 51, 51); line-height: 18.2px;">The scenario editing panel consists of 3 components: control panel at the left side, scenario view at the right side and user''s custom models at the bottom.</p><p style="color: rgb(51, 51, 51); line-height: 18.2px;"><img src="http://vm0106.virtues.fi/static/images/email_pictures/ac9MTzDCJru4YWyyH5jPSxrdKXebY8M8AzvzKl1t9c7QGUrb0T.png" style="width: 759.111px; height: 427px;"></p><p style="color: rgb(51, 51, 51); line-height: 18.2px;">First, if you want to do something with the scenario, your mouse must hover on top of the scenario view. You can hold Shift while using your mouse to moving around the scenario. Hold shift + left mouse button to rotate the scenario, hold shift + right mouse button to moving around the scenario, and hold shift + moving middle wheel for going away or approaching.</p><p style="color: rgb(51, 51, 51); line-height: 18.2px;">In the middle of the scenario is a grid plane. All 3D objects have to be placed inside this grid. You can enlarge or shrink its size by clicking 2 buttons "Shrink Scenario" and "Enlarge Scenario" on the control panel.</p><p style="color: rgb(51, 51, 51); line-height: 18.2px;">To move an existing model, activate "Move Model" button. After that, hold left mouse on an object to move it around, then release the button to place the object</p><p style="color: rgb(51, 51, 51); line-height: 18.2px;">To delete an object, activate "Delete Model" button. Place the mouse on top of an object then click left mouse button to delete it.</p><p style="color: rgb(51, 51, 51); line-height: 18.2px;">To change the size of an object, activate one of these two "Shrink Model" and "Enlarge Model" buttons.</p><p style="color: rgb(51, 51, 51); line-height: 18.2px;">To rotate the model, activate one of these two "Rotate Left" and "Rotate Right" buttons</p><p style="color: rgb(51, 51, 51); line-height: 18.2px;">To undo or redo action, click the respected "Undo" and "Redo" buttons. Keyboard shortcut to access these buttons are Ctrl + Z and Ctrl + Y.</p><p style="color: rgb(51, 51, 51); line-height: 18.2px;">Also in the control panel is the button "Build On Top" or "Build On Ground". It means you can place a model on top of other models or simply place it on top of the grid plane.</p><p style="color: rgb(51, 51, 51); line-height: 18.2px;">Below the scenario is your uploaded models along with predefined models to assist you with building the scenario. Click on the model picture then you can place it in the scenario grid.</p><p style="color: rgb(51, 51, 51); line-height: 18.2px;">To save the scenario, click "Save scenario" button on top of the scenario view, or press Ctrl + S.</p><p style="color: rgb(51, 51, 51); line-height: 18.2px;"><br></p><p style="color: rgb(51, 51, 51); line-height: 18.2px;"><br></p>');
INSERT INTO `journal_contents` (`id`, `journal_id`, `locale`, `title`, `content`) VALUES(274, NULL, 'en', 'Guide on editing scenario', '<p style="color: rgb(51, 51, 51); line-height: 18.2px;">This article describes keyboard shortcuts that are available in SketchupOulu when editing or creating a scenario.</p><p style="color: rgb(51, 51, 51); line-height: 18.2px;"><b>Note:</b></p><p style="color: rgb(51, 51, 51); line-height: 18.2px;">- To use keyboard shortcut, the mouse must hover over the scenario''s area or the scenario must be in full screen mode.</p><p style="color: rgb(51, 51, 51); line-height: 18.2px;">-&nbsp;For keyboard shortcuts in which you press two or more keys at the same time, the keys to press are separated by a plus sign (+).</p><p style="color: rgb(51, 51, 51); line-height: 18.2px;">The scenario editing panel consists of 3 components: control panel at the left side, scenario view at the right side and user''s custom models at the bottom.</p><p style="color: rgb(51, 51, 51); line-height: 18.2px;"><img src="http://vm0106.virtues.fi/static/images/email_pictures/ac9MTzDCJru4YWyyH5jPSxrdKXebY8M8AzvzKl1t9c7QGUrb0T.png" style="width: 759.111px; height: 427px;"></p><p style="color: rgb(51, 51, 51); line-height: 18.2px;">First, if you want to do something with the scenario, your mouse must hover on top of the scenario view. You can hold Shift while using your mouse to moving around the scenario. Hold shift + left mouse button to rotate the scenario, hold shift + right mouse button to moving around the scenario, and hold shift + moving middle wheel for going away or approaching.</p><p style="color: rgb(51, 51, 51); line-height: 18.2px;">In the middle of the scenario is a grid plane. All 3D objects have to be placed inside this grid. You can enlarge or shrink its size by clicking 2 buttons "Shrink Scenario" and "Enlarge Scenario" on the control panel.</p><p style="color: rgb(51, 51, 51); line-height: 18.2px;">To move an existing model, activate "Move Model" button. After that, hold left mouse on an object to move it around, then release the button to place the object</p><p style="color: rgb(51, 51, 51); line-height: 18.2px;">To delete an object, activate "Delete Model" button. Place the mouse on top of an object then click left mouse button to delete it.</p><p style="color: rgb(51, 51, 51); line-height: 18.2px;">To change the size of an object, activate one of these two "Shrink Model" and "Enlarge Model" buttons.</p><p style="color: rgb(51, 51, 51); line-height: 18.2px;">To rotate the model, activate one of these two "Rotate Left" and "Rotate Right" buttons</p><p style="color: rgb(51, 51, 51); line-height: 18.2px;">To undo or redo action, click the respected "Undo" and "Redo" buttons. Keyboard shortcut to access these buttons are Ctrl + Z and Ctrl + Y.</p><p style="color: rgb(51, 51, 51); line-height: 18.2px;">Also in the control panel is the button "Build On Top" or "Build On Ground". It means you can place a model on top of other models or simply place it on top of the grid plane.</p><p style="color: rgb(51, 51, 51); line-height: 18.2px;">Below the scenario is your uploaded models along with predefined models to assist you with building the scenario. Click on the model picture then you can place it in the scenario grid.</p><p style="color: rgb(51, 51, 51); line-height: 18.2px;">To save the scenario, click "Save scenario" button on top of the scenario view, or press Ctrl + S.</p><p style="color: rgb(51, 51, 51); line-height: 18.2px;"><br></p><p style="color: rgb(51, 51, 51); line-height: 18.2px;"><br></p><p style="color: rgb(51, 51, 51); line-height: 18.2px;"><br></p>');
INSERT INTO `journal_contents` (`id`, `journal_id`, `locale`, `title`, `content`) VALUES(275, 116, 'fi', 'Keyboard shortcut when editing scenario', '<p style="line-height: 18.5714px;">This article describes keyboard shortcuts that are available in SketchupOulu when editing or creating a scenario.</p><p style="line-height: 18.5714px;"><b>Note:</b></p><p style="line-height: 18.5714px;">- To use keyboard shortcut, the mouse must hover over the scenario''s area or the scenario must be in full screen mode.</p><p style="line-height: 18.5714px;">-&nbsp;For keyboard shortcuts in which you press two or more keys at the same time, the keys to press are separated by a plus sign (+).</p><h2 style="font-family: Helvetica, arial, nimbussansl, liberationsans, freesans, clean, sans-serif, ''Apple Color Emoji'', ''Segoe UI Emoji'', ''Segoe UI Symbol''; color: rgb(0, 0, 0);">Keyboard shortcuts to control scenario</h2><table class="table table-bordered" style="width: 1055px; line-height: 18.5714px;"><tbody><tr><td style="line-height: 1.42857; width: 738px;">Save scenario</td><td style="line-height: 1.42857; width: 316px;">Ctrl + S</td></tr><tr><td style="line-height: 1.42857;">Full screen mode</td><td style="line-height: 1.42857;">Ctrl + F</td></tr><tr><td style="line-height: 1.42857;"><span style="line-height: 18.5714px;">Enlarge scenario</span><br></td><td style="line-height: 1.42857;"><span style="line-height: 18.5714px;">Ctrl + Shift + =</span><br></td></tr><tr><td style="line-height: 1.42857;">Shrink scenario</td><td style="line-height: 1.42857;">Ctrl + Shift + -</td></tr><tr><td style="line-height: 1.42857;">Undo action</td><td style="line-height: 1.42857;">Ctrl + Z</td></tr><tr><td style="line-height: 1.42857;">Redo action</td><td style="line-height: 1.42857;">Ctrl + Y</td></tr></tbody></table>');
INSERT INTO `journal_contents` (`id`, `journal_id`, `locale`, `title`, `content`) VALUES(276, 116, 'en', 'Keyboard shortcut when editing scenario', '<p>This article describes keyboard shortcuts that are available in SketchupOulu when editing or creating a scenario.</p><p><b>Note:</b></p><p>- To use keyboard shortcut, the mouse must hover over the scenario''s area or the scenario must be in full screen mode.</p><p>-&nbsp;For keyboard shortcuts in which you press two or more keys at the same time, the keys to press are separated by a plus sign (+).</p><h2>Keyboard shortcuts to control scenario</h2><table class="table table-bordered"><tbody><tr><td style="width:70%">Save scenario</td><td style="width:30%">Ctrl + S</td></tr><tr><td>Full screen mode</td><td>Ctrl + F</td></tr><tr><td><span style="line-height: 18.5714px;">Enlarge scenario</span><br></td><td><span style="line-height: 18.5714px;">Ctrl + Shift + =</span><br></td></tr><tr><td>Shrink scenario</td><td>Ctrl + Shift + -</td></tr><tr><td>Undo action</td><td>Ctrl + Z</td></tr><tr><td>Redo action</td><td>Ctrl + Y</td></tr></tbody></table>');
INSERT INTO `journal_contents` (`id`, `journal_id`, `locale`, `title`, `content`) VALUES(277, NULL, 'fi', 'How to upload models', '<p style="margin: 0in 0in 7.5pt; line-height: 13.95pt;"><span style="font-size: 10pt; font-family: Helvetica, sans-serif;">At this moment SketchupOulu support the following file formats:<o:p></o:p></span></p><p style="margin: 0in 0in 7.5pt 0.5in; text-indent: -0.25in; line-height: 13.95pt;"><span style="font-size: 10pt; font-family: Symbol;">·<span style="font-stretch: normal; font-size: 7pt; line-height: normal; font-family: ''Times New Roman'';">&nbsp;&nbsp;&nbsp;&nbsp;&nbsp;&nbsp;&nbsp;&nbsp;&nbsp;</span></span><b><span style="font-size: 10pt; font-family: Helvetica, sans-serif;"><a href="https://en.wikipedia.org/wiki/COLLADA" target="_blank">COLLADA</a></span></b><span class="apple-converted-space"><span style="font-size: 10pt; font-family: Helvetica, sans-serif;">&nbsp;</span></span><span style="font-size: 10pt; font-family: Helvetica, sans-serif;">(COLLAborative Design Activity, normally with extension<span class="apple-converted-space">&nbsp;</span><b>.DAE</b>) is an interchange file format for interactive 3D applications. It is managed by the nonprofit technology consortium, the Khronos Group, and has been adopted by ISO as a publicly available specification, ISO/PAS 17506.<o:p></o:p></span></p><p style="margin: 0in 0in 7.5pt 0.5in; text-indent: -0.25in; line-height: 13.95pt;"><span style="font-size: 10pt; font-family: Symbol;">·<span style="font-stretch: normal; font-size: 7pt; line-height: normal; font-family: ''Times New Roman'';">&nbsp;&nbsp;&nbsp;&nbsp;&nbsp;&nbsp;&nbsp;&nbsp;&nbsp;</span></span><span style="font-size: 10pt; font-family: Helvetica, sans-serif;"><a href="https://en.wikipedia.org/wiki/Wavefront_.obj_file" target="_blank" style="color: rgb(35, 82, 124); text-decoration: underline; outline: 0px;"><b>Wavefront .obj file</b></a><span class="apple-converted-space">&nbsp;</span>(or<span class="apple-converted-space">&nbsp;</span><b>.OBJ</b>) is a geometry definition file format first developed by Wavefront Technologies for its Advanced Visualizer animation package. The file format is open and has been adopted by other 3D graphics application vendors. For the most part it is a universally accepted format.<o:p></o:p></span></p><p style="margin: 0in 0in 7.5pt 0.5in; text-indent: -0.25in; line-height: 13.95pt;"><span style="font-size: 10pt; font-family: Symbol;">·<span style="font-stretch: normal; font-size: 7pt; line-height: normal; font-family: ''Times New Roman'';">&nbsp;&nbsp;&nbsp;&nbsp;&nbsp;&nbsp;&nbsp;&nbsp;&nbsp;</span></span><span style="font-size: 10pt; font-family: Helvetica, sans-serif;">Image file<span class="apple-converted-space">&nbsp;</span><b>.PNG</b>,<span class="apple-converted-space">&nbsp;</span><b>.JPG</b><span class="apple-converted-space">&nbsp;</span>and<span class="apple-converted-space">&nbsp;</span><b>.JPEG</b><o:p></o:p></span></p><p style="margin: 0in 0in 7.5pt; line-height: 13.95pt;"><span style="font-size: 10pt; font-family: Helvetica, sans-serif;">This tutorial will guide you during the process of uploading your Sketchup model to SketchupOulu.&nbsp;</span></p><p style="margin: 0in 0in 7.5pt; line-height: 13.95pt;"><span style="line-height: 13.95pt; text-indent: -0.25in; font-size: 10pt; font-family: Helvetica, sans-serif;">1. First, export your model using Sketchup</span><span style="line-height: 13.95pt; text-indent: -0.25in;">. You can do that by clicking top menu File&nbsp;</span><b style="line-height: 13.95pt; text-indent: -0.25in;">(1)</b><span style="line-height: 13.95pt; text-indent: -0.25in;">&nbsp;=&gt; Export&nbsp;</span><b style="line-height: 13.95pt; text-indent: -0.25in;">(2)&nbsp;</b><span style="line-height: 13.95pt; text-indent: -0.25in;">=&gt; 3D Model&nbsp;</span><b style="line-height: 13.95pt; text-indent: -0.25in;">(3)</b></p><p style="margin: 0in 0in 7.5pt; line-height: 13.95pt;"><img src="http://vm0106.virtues.fi/static/images/email_pictures/YZZWBZH921BDfpJSJIiigj0NgDQ9AnoIVvzuBB630sVIvP4gUw.png" style="width: 383px;"></p><p style="margin: 0in 0in 7.5pt; line-height: 18.5714px;"><span style="line-height: 18.6px;">2. A window appears, choose “Save as type” as “OBJ file (.obj)”&nbsp;<b>(1)</b>, choose filename&nbsp;<b>(2)</b>&nbsp;and directory&nbsp;<b>(3)</b>&nbsp;then click Export button&nbsp;<b>(4)</b>. Assume filename is skyscraper.</span></p><p style="margin: 0in 0in 7.5pt; line-height: 18.5714px;"><img src="http://vm0106.virtues.fi/static/images/email_pictures/nGnAHiVybfCJQImkmkETqaRw0Qs876VfabVEQHF0UUxrKfbaFe.png" style="width: 474px;"></p><p style="margin: 0in 0in 7.5pt; line-height: 18.5714px;">3. After the exporting finishes, go to the exported directory. There you can see 2 files (skyscraper.obj, skyscraper.mtl) and a directory (skyscraper). Compress them all to a single zip file.</p><p style="margin: 0in 0in 7.5pt; line-height: 18.5714px;">4. Go to&nbsp;<a href="http://vm0106.virtues.fi/users/add_building_model/">http://vm0106.virtues.fi/users/add_building_model/</a>&nbsp;to upload the file.<br></p><p class="MsoNormal" style="line-height: 18.5714px;"><b>Note:</b><o:p></o:p></p><p class="MsoListParagraphCxSpFirst" style="line-height: 18.5714px; text-indent: -0.25in;">-<span style="font-stretch: normal; font-size: 7pt; line-height: normal; font-family: ''Times New Roman'';">&nbsp; &nbsp; &nbsp; &nbsp; &nbsp;&nbsp;</span>- Use the same process with Collada file<o:p></o:p></p><p style="line-height: 18.5714px;"></p><p class="MsoListParagraphCxSpLast" style="line-height: 18.5714px; text-indent: -0.25in;">-<span style="font-stretch: normal; font-size: 7pt; line-height: normal; font-family: ''Times New Roman'';">&nbsp;&nbsp;&nbsp;&nbsp;&nbsp;&nbsp;&nbsp;&nbsp;&nbsp;&nbsp;</span>- With image files, you don’t need to compress them</p>');
INSERT INTO `journal_contents` (`id`, `journal_id`, `locale`, `title`, `content`) VALUES(278, NULL, 'en', 'How to upload models', '<p style="margin-top:0in;margin-right:0in;margin-bottom:7.5pt;margin-left:0in;\r\nline-height:13.95pt"><span style="font-size: 10pt; font-family: Helvetica, sans-serif;">At this moment SketchupOulu support the following file formats:<o:p></o:p></span></p><p style="margin: 0in 0in 7.5pt 0.5in; text-indent: -0.25in; line-height: 13.95pt;"><!--[if !supportLists]--><span style="font-size: 10pt; font-family: Symbol;">·<span style="font-stretch: normal; font-size: 7pt; line-height: normal; font-family: ''Times New Roman'';">&nbsp;&nbsp;&nbsp;&nbsp;&nbsp;&nbsp;&nbsp;&nbsp;\r\n</span></span><!--[endif]--><b><span style="font-size: 10pt; font-family: Helvetica, sans-serif;"><a href="https://en.wikipedia.org/wiki/COLLADA" target="_blank">COLLADA</a></span></b><span class="apple-converted-space"><span style="font-size: 10pt; font-family: Helvetica, sans-serif;">&nbsp;</span></span><span style="font-size: 10pt; font-family: Helvetica, sans-serif;">(COLLAborative Design Activity, normally\r\nwith extension<span class="apple-converted-space">&nbsp;</span><b>.DAE</b>) is an interchange file format for\r\ninteractive 3D applications. It is managed by the nonprofit technology\r\nconsortium, the Khronos Group, and has been adopted by ISO as a publicly\r\navailable specification, ISO/PAS 17506.<o:p></o:p></span></p><p style="margin: 0in 0in 7.5pt 0.5in; text-indent: -0.25in; line-height: 13.95pt;"><!--[if !supportLists]--><span style="font-size: 10pt; font-family: Symbol;">·<span style="font-stretch: normal; font-size: 7pt; line-height: normal; font-family: ''Times New Roman'';">&nbsp;&nbsp;&nbsp;&nbsp;&nbsp;&nbsp;&nbsp;&nbsp;\r\n</span></span><!--[endif]--><span style="font-size: 10pt; font-family: Helvetica, sans-serif;"><a href="https://en.wikipedia.org/wiki/Wavefront_.obj_file" target="_blank"><b>Wavefront .obj file</b></a><span class="apple-converted-space">&nbsp;</span>(or<span class="apple-converted-space">&nbsp;</span><b>.OBJ</b>) is a geometry definition file format\r\nfirst developed by Wavefront Technologies for its Advanced Visualizer animation\r\npackage. The file format is open and has been adopted by other 3D graphics\r\napplication vendors. For the most part it is a universally accepted format.<o:p></o:p></span></p><p style="margin: 0in 0in 7.5pt 0.5in; text-indent: -0.25in; line-height: 13.95pt;"><!--[if !supportLists]--><span style="font-size: 10pt; font-family: Symbol;">·<span style="font-stretch: normal; font-size: 7pt; line-height: normal; font-family: ''Times New Roman'';">&nbsp;&nbsp;&nbsp;&nbsp;&nbsp;&nbsp;&nbsp;&nbsp;\r\n</span></span><!--[endif]--><span style="font-size: 10pt; font-family: Helvetica, sans-serif;">Image file<span class="apple-converted-space">&nbsp;</span><b>.PNG</b>,<span class="apple-converted-space">&nbsp;</span><b>.JPG</b><span class="apple-converted-space">&nbsp;</span>and<span class="apple-converted-space">&nbsp;</span><b>.JPEG</b><o:p></o:p></span></p><p style="margin: 0in 0in 7.5pt; line-height: 13.95pt;"><span style="font-size: 10pt; font-family: Helvetica, sans-serif;">This\r\ntutorial will guide you during the process of uploading your Sketchup model to\r\nSketchupOulu.&nbsp;</span></p><p style="margin: 0in 0in 7.5pt; line-height: 13.95pt;"><span style="line-height: 13.95pt; text-indent: -0.25in; font-size: 10pt; font-family: Helvetica, sans-serif;">1. First, export your model using Sketchup</span><span style="line-height: 13.95pt; text-indent: -0.25in;">.\r\nYou can do that by clicking top menu File </span><b style="line-height: 13.95pt; text-indent: -0.25in;">(1)</b><span style="line-height: 13.95pt; text-indent: -0.25in;">\r\n=&gt; Export </span><b style="line-height: 13.95pt; text-indent: -0.25in;">(2) </b><span style="line-height: 13.95pt; text-indent: -0.25in;">=&gt; 3D Model </span><b style="line-height: 13.95pt; text-indent: -0.25in;">(3)</b></p><p style="margin: 0in 0in 7.5pt; line-height: 13.95pt;"><img src="http://vm0106.virtues.fi/static/images/email_pictures/YZZWBZH921BDfpJSJIiigj0NgDQ9AnoIVvzuBB630sVIvP4gUw.png" style="width: 383px;"></p><p style="margin: 0in 0in 7.5pt;"><span style="line-height: 18.6px;">2. A window appears, choose “Save as type” as “OBJ file (.obj)” <b>(1)</b>, choose filename <b>(2)</b> and directory <b>(3)</b> then click Export button <b>(4)</b>. Assume filename is skyscraper.</span></p><p style="margin: 0in 0in 7.5pt;"><img src="http://vm0106.virtues.fi/static/images/email_pictures/nGnAHiVybfCJQImkmkETqaRw0Qs876VfabVEQHF0UUxrKfbaFe.png" style="width: 474px;"></p><p style="margin: 0in 0in 7.5pt;">3. After the exporting finishes, go to the exported directory. There you can see 2 files (skyscraper.obj, skyscraper.mtl) and a directory (skyscraper). Compress them all to a single zip file.</p><p style="margin: 0in 0in 7.5pt;">4. Go to <a href="http://vm0106.virtues.fi/users/add_building_model/">http://vm0106.virtues.fi/users/add_building_model/</a> to upload the file.<br></p><p class="MsoNormal"><b>Note: </b><o:p></o:p></p><p class="MsoListParagraphCxSpFirst" style="text-indent:-.25in;mso-list:l1 level1 lfo3"><!--[if !supportLists]-->-<span style="font-stretch: normal; font-size: 7pt; line-height: normal; font-family: ''Times New Roman'';">&nbsp; &nbsp; &nbsp; &nbsp; &nbsp; </span>- Use the same process with Collada file<o:p></o:p></p><p>\r\n</p><p class="MsoListParagraphCxSpLast" style="text-indent:-.25in;mso-list:l1 level1 lfo3"><!--[if !supportLists]-->-<span style="font-stretch: normal; font-size: 7pt; line-height: normal; font-family: ''Times New Roman'';">&nbsp;&nbsp;&nbsp;&nbsp;&nbsp;&nbsp;&nbsp;&nbsp;&nbsp;\r\n</span>- With image files, you don’t need to compress\r\nthem<o:p></o:p></p><p></p>');
INSERT INTO `journal_contents` (`id`, `journal_id`, `locale`, `title`, `content`) VALUES(279, 114, 'fi', 'About us', '<p style="line-height: 18.5714px;">SketchupOulu is the product of a joint project between Department of Computer Sciences, University of Oulu and Urban Planning division, Oulu city. The aim of the website is to create a collaborative environment where motivated citizens can contribute to the development of Oulu city. Using the website, not only you can communicate directly with official city planners, you can also design the city yourself and then send the blueprint for reviewing.</p><p style="line-height: 18.5714px;">The project is in active development in term of functionality and content richness. Main contributors:</p><p style="line-height: 18.5714px;"><b>From University of Oulu:</b></p><p style="line-height: 18.5714px;"></p><div style="line-height: 18.5714px; float: left;"><img src="data:image/jpeg;base64,/9j/4AAQSkZJRgABAQAAAQABAAD/2wCEAAEBAQEBAQEBAQECAQEBAgICAQECAgICAgICAgIDAgMDAwMCAwMEBAQEBAMFBQUFBQUHBwcHBwgICAgICAgICAgBAQEBAgICBQMDBQcFBAUHCAgICAgICAgICAgICAgICAgICAgICAgICAgICAgICAgICAgICAgICAgICAgICAgICP/CABEIASwA1gMBEQACEQEDEQH/xAAeAAEAAwEBAQEBAQEAAAAAAAAACAkKBwYFBAMBAv/aAAgBAQAAAAD9gAO/Tgq0+YAAACxS+/JL5YAAPYSJiMFil9+SXywTlg9/MAXR2kZ8oQixS+/JL5YXD2+Z3oOgD62g2ZWfGEBYpffkl8sXE29U6VDgA+poHmlnxhAsUvvyS+WXFW801VIgAPp6B5qZsYvyosrpF+NaXdxTRUmAAPp2lVXfjDo876yQAAAAAAAAAAOx9bHFOfSt/wAPhRekF7wR08YA0C3zjODVduPEYcWOqm0MZH68wGgW7TKF+/XDnBqu3H0J1+XfSTxY6qZK5vpEaZ8j9eYDQLdFhY+nvZzg1Xbj8t1UmlafGLHVT1vH3LbZtkfrzAaBbosLH097MeeZzSy3VSaVrcYfSajHj7lts2yP15gNAt0WFj9upgUiwUuUsRIx59pbbNsj9eYDQLdFhYAAS22bZH68wGgW6LCwAAlts2yP15gNAt60Ef8AUDKBANW/t3rZo5H68wFt9rBLzgOPoH3N5MVOGGfaIIANHtnGIoEhNtGVWr0AAXm6DMGX4wnpr4xywtAAFruo/D5xYLY9ROHXjoAAnbr/AMdcJwvT0BYNPygADvu2+DnJQlV9XEiAAH19cf8A0BFXNaAAAAAAAAAAAAAACyyGtkvK+G9n+J1njsVLC5L/AOQmmz4Cnm7D+UZfqSgckqTsejlcdTbpEi3LKGnivjzNq87RaDTZyizX7/kugUm3GU9XW1J+5k7NfI1pKpx0jRV8DbRUPyGzbxlDemOm2MWjr12OG1C6qIlBF5NHkaNn2dKuawy9SGfPqrtDtfHNulWAZsNUPkK5vld55bYPxDkdQlr1U3BNCtJvHA6/PeFchOoRniDOzq8Cu8+Y+x/WIViEDJowRANTkALV/wBlMsW+IavInec/vw3oX087WxPKBpcyngGrzMZq7/nzTN/+LRnW9Ob4PDehfTztbE8oGlzKeAXsWORIlBkw/D6fWd6ugm+j6lIV9MOfDy2rDoxAAAAAf//EAB8BAQADAAMBAQEBAQAAAAAAAAAHCAkFBgoEAwsBAv/aAAgBAhAAAADc8AFDcT/T92QAAAHns8I/9XuUAAAiPPfWQPPZ4R/6vcoBiPth9AA8bPmJ9+O1Y89nhH/q9ygPIf5JP6DG2YA6r4Dce/fntaeezwj/ANXuUDyFeSn18etMAHWPA1jV789rnns8I/8AV7lB5CfJV7C/WAAA614Gcaf6NummXnnA9qXcPMF4sfYf6vAAB1vzB+ojmArthr6UwAAAAAAAAAAOo9VHcuei8fdJXQ+DEgcwAohR8aE2bxbEk7DZi1qGqc+AKIU21E/DKvQmzeLd453plHew2YsdaFdBzj1TnwBRCn22HzYc6E2bxb0vtBnXBuw2YvVdZIqyF1TnwBRCn22HzYc9+7HD2l9oM66qyzHEkayRVkLqnPgCiFPtsPxzNFy5tqLAJJF8IqyF1TnwBRCn22AACKshdU58AUQp9tgAAirIXVOfAFEKTzd/icL1AZf8K4qH9U58AVWrARR3rWUHxYgSf3UvhLAAM9637MA6Fjbp3ZQAAUqoduB+wQdlDrdMIAAq9mjs/wBwCream0XbQABCOT2tcyBSeie3/wCoAA6LjVNPaQjH5dlQAA+TKv8AwCTtEgAAAAAAAAAAAAAAV0l6vHZu69P+3q3bZPgOOv8AZjhznbaU4/2SPljZ2q09e5BqRbnPSS4tl7mPriGyvT61267RXD4eV4G5NSLZ06tPwsbQ7qrnjbfPOTudqza3tlcOYu9nNbmSM+eK1wrJTqV7z0tufI2QOgFgoDpPL/O2coLPXYeuwTojmTytgvp6P2aBu59qthV2z/eaE3I7cHU4NmLoXW5FliEurzj0fkvk/wCZXgGcIfm4AzLnWsP5W9kvueXso8j+fdeA+e/uSmomdGnwBl5pDl7/ANdi0K/bPuw0K/b3XgPnv7kpqJnRp8AUlr5Ksa6l/vxuWfGXoo781zqOy3zUV2SuqAAAAA//xAAeAQEAAgMBAQADAAAAAAAAAAAACAkGBwoFBAECA//aAAgBAxAAAADk5ABI+f8AUN5QAAALOejPjCxAAAM2k5C0LOejPjCxALBK/wD+YAvct05q4Biznoz4wsQF3l2HMnX+APZ6VJzc1MAiznoz4wsQLv7raPqVAAev0mzv5qYBLOejPjCxBd/dbRnS+AA9XpOnhywxKl9apQT4dvF+lGFMQAA9W3ioD4Q2hYfVAAAAAAAAAAABsXYI1niO+/weXo3bmVDTuNgLbrWBTTBHqEGj+am+Gco59ohALbrNKEPq6CaaYI9QlUcSbOt0c1N8O6aadv3Z8+0QgFt1lHLT9vVzTTBHqEougVdNLDmpvh2DzuyB6RefaIQC26yjlp+3q51DhMlKLoFXTWDR23bpHndkD0i8+0QgFt1lHLT9N634Kx4s2OzBNI1HyB6RefaIQC26yjlpAASB6RefaIQC26yjlpAASB6RefaIQC260yK5FOpkC+vJ2QSU59ohALBJ5khdTc7gPT6rtDauKj48AAuVm7zGg27000OQcAAFo1uXKf8AOErOhrnNjWAAJ73n8wetQn3eXy/a6AAEp+h/nSjMFpVtnKf/ABAAG2Om6L+vg3z9/MkAAHodBf5A0PS2AAAAAAAAAAAAAACakcJn4Jq7ZPmZ/rrQ0vd1IzSZxKuuzL9NI/fvFr6v6ZWnLGa47mtF7+jfjXnSRg1sqcdcWAzb9bHsurMsYrsswr9yjeEl+fO5+uW5zQ+Jz/r115NvG6qrr64tI3J5DzlTustj1U5aHWDpTpKp2hxL20uN+IwRt+iLhmaS1pdvcx6HHwbWwWXWsNfV5z4gXqi3mszXIbClhGnbuc6TjzKfPYpbW8P0f3j1MCKclIrgF7ES55/RW7ovWN9+gfH/AK6uy/7ae+i2g26uhkAvvpDvu/XC6ZvmuPhlKPytXZf9tPfRbQbdXQyAWnTJj7vGgL5vbv8APeqcta+6sS1qOeLyBg/VyAAAAA//xAAxEAABAwMDAgQGAgIDAQAAAAAGBAUHAAMIAQI3EBgXIDA2ExQVNDVAETgWYBIhQVD/2gAIAQEAAQgB9SOAJRIr9eYk2mKrv/P/AGtTao1itHu/Yxj5CXdHz828fpMLC6kzqkZWWSYffo6toll7y4x8hLuj5+bePM2wGYuQVdKtm7bu2bt2zf6WM7mF7UC1sTuDeidUSlucpeiBaALNzo2eTGPkJd0fPzbx5YShDTbolMTOp7cwtzMrlwV9JCuWNixM4N8QS+jP0e1rdF6BG6I1Lc4y/ECwAWbnRr64x8hLuj5+bePJCUI/D+UMjKptm74vzYaG+oiXLG1WnXt8PTCkPUmxneF6BG5o1Le4S/ECwAWbnRr6Yx8hLuj5+beOsJQj8P5QyMqm2btVOqoODPWRrFbcrTr0EPTCkPUmxneFyFG5o1Le4S2FNQKW32lnqIDpsj0oUvjtplGFfzp/Lip2LHBcrt1jtHY8/Xb5W7VNs3fN/Nhob+gjWK25WnXIb+TLhvCNqW0oUX1d+8qVeUUK3oMekz4xSVkGoJ2FKyDH+hisfGZxtXbxPwCmOvAKY68ApjrwCmOikJKwlQlSFaNIpcFaVAi1gKY9NddK8ApjrwCmOvAKY6c4VlRlblzu6UORVIhe2bXka8ApjrwCmOvAKY68ApjogHnoVdVDGQ+hg99rJXlzZ93hlR/79CPLNXEki9MQuH7Plyn5vLPRwe+1kqiNXfQDz8uS6ZQThSbJ2brqlPb3Vmz7vDKj/wB+hHTJSaJKAJEsMYn3QThWL8gF0iCJA6GE1cSSL0xC4fs1OBI9CEWFpGO90E4VE2QcuE8khrA9VlPzeWejg99rJVF/tIo6IvvEnTNn3eGVH/v0I6ZjctJemFPsAqqauJJF6YhcP2ayV4RO+kD8wx70yn5vLPRwe+1kqi/2kUdEX3iToZRSASAsRuBghx4httWonFFWY3LSXphT7AKqeWduIGpwZHjtrhGhMOGwZp0YhXJXhE76QPzDHvTKfm8s9HB77WSqL/aRR0Tb9tpRYu7u76IK7v4gru/iCu7+IKyGkEeks8sEQzWN84g0XCj40FHd/EFd38QV3fxBUyZJRscxoUCrHUD8wx70yn5vLPRwe+1kqi/2kUevA/MMe9Mp+byz0cHvtZKov9pFHrwPzDHvTKfm8s9HB77WSqWJLC9IqQqu16D67XoPrteg+sjoNjkHjfeQiHnGcZYdUDQ7fdO16D67XoPphx7iMZeW5/ZKyn5vLPRxglsJjCwabC/uxheu7GF67sYXoEPxqSGW4/iuSbfo4wqb2/O2I9zg5N6DZat7LNq3Ztn01gEaOiRnLO7GF67sYXruxhep3L2M7k8gJxz1MJl/xBE0bKlFu+rRset/niZv+qyfH6HWsvF/zcwX0/6OETh/wez5rpam2LUatHcUWN6ZRfTXPLjK3/UZrDdOmRC/6lM57f8A0cOXDVJK6pJ0khv1apCOG3zYbt+qqVVyzpIbhq7Hxs5/o40OH06awrf0yMb9W2aTuz5sIW/Xe7H7rq4K9qBAtXb713eovXb9z9CKnD6VJgCv6G+PUcyCRKSgi7RIdrtEh2u0SHa7RIdrtEh2o5ikSixO6phSVXD6VGZ8v0/Rb1e5AvRLtmmTUIa6aa69zUH13NQfXc1B9dzUH13NQfXc1B9dzUH1Ns/xcSRcWsIx/rUJ49bZgYHZ71kAU0BjMhEtGbFLY7xyjP6hTHfbL445v+szRC5xARJWpRCWPmyYWN4eNReCNpJLxRFdPWMqJkkoRjxTOEDqIctjynaCCak5MB4SSSRjMij3QRt7+x7Z/wCdj22lOP8AtTzY3xBXY9toowtemtiXuA41jj69PqcZbEOEKq4iSXHFxwq2N7cvX1DGN+2WxRST6geM2w2I5HH67Httdj2ygnE9sOGPR6byJhcBd+dx11h/GJfKAn/li3fHAz4vWoy2YU+wyup+5kkCg3+ubPWFXHRNUtA7TNUduCFqwusqEg4et6uL/wC3UnVlWQXhWVYnJE+TzBZLoYcnNFhoMfUz95JruRRR9SnuKxe1N6aRVYRrai9W35loEiterx9J38uyDE3kkysLD4WsA24FxYKpDKGMrungP8nay6lbZvntpn5Y5ti2KCWSshx34zeV4acUudHkhGoPKsp2hPFMxJzQGfnEqlWaZUY5LOGppxUlS+xHawYfcm4VXE5yGEI5LBY2QZEWxEw/Fu/F+PWFPsMrrIDbu2TLIGm8Qt3LWOzRsu4VcdE1RBJ+g1OEmRq7sIY3DpEYP7fF/wDbqTqza91hNQY6JpFgpmbnDFkIvBkful5wUk3+ZT+kJdJqkhXFYXqUonfMx8d2l1abmLXOAhUnzCKxLtY95QeE7o0x0/FoboalWhZoc0MZpGKH4doraVYzOcZWFbjh5b0sxi9Wtsz8syNWFfHJLU18tyLVm9dT3bV+xDB3vkeOh8lU5PSCpNZLcmvZUBTiqiZ2uoHFTP2PSy7rfWTnlEwXR66LRhi5LceAAU+tZfJL6jc5MLyMdAMpY5cRFmvmoFJ4Kz5Hnhu45USCHyCQiy0PxXmIUAEBWwmkhZJRb/ghUnEwxclazAUc167IWAHOx8q5+MuMVayPGaTJ1nNmzK2TQaQ04PsDceMhRBkA9BOQ4uI4MBpIkm4s8ZcYqlTKgQZBjY1xRjLMUdAsfuDQXye7tz9Ips9NGLktx4ABL61F8pO7cQSMavbRWOUzxmERkjYiiRHNC9Hxq8NnlBwUkkN/Tjgv2dy3UiRiWxe7WWkqDMaZGOxlrLGTs7lupLhIyilG1LiigLHSSZDYtpGzrcQ5dRo1avaMiTuVFTcHIZKg00iptbnQnjOJCqV1DumF1sLF6CSG+LL8lwmYxSjalpRTHjHIxAKoDBC1t993c25qSyBjuexsPXiYh9HEFqbksUbHNOSZeSU2FL4hR5BoW1/hEmXuGM/B4LV7MSWLd67b0k2bjCWEbUhJwVElcjYObl06HzlE8daPQvjrPxlKRY7jpPJTO1tuVESrUGbPs0NrCH8zINE/90BSs3fwAF0i3gMXoF97h1ZdcOq/SxJ4abKMvd5XUz8BldYz8HgtbsoIL2b92zdJz22EkhGD+zRvyIBVmFxHsrC/k99qV/7PQlWbPs0NrCH8zINE/wDdAUrN38ABdIu4DF6Bfe4dWXXDqv0sU5sZ2VNZjAjXw9j85Oip4W5QTawtw8vjEexueGhNCoPYUqvuVHRkdVDC8tD4kHTaL5+Av4fh0XhSK9rwRj8g5AXSKXmCQmZG/RLOgY2r3hBZhuHWV/fWYQkjbI+UAyZKDMci6QrKBOYmkMQC3hxavasZJtYHsbQRuQN8VwK2OaR3QZWTYzP1jfGQ3/8AA//EAFsQAAEDAgIEBQwLDAcGBwAAAAIBAwQFEQASBhMhMRAUMkFVBxUiMFFTYXGUs7TSICNSVIGSlaGytdQWJDNAQmJykaWxwtM0c6LBw8TkJVBgdIOjVmR1gqTF4f/aAAgBAQAJPwHtlRCmOMxnJPGDBXEVG3Aby2FU93jS+Nbn+9XfXwWdYrhtqfdyEo3+b8Z6Kkekx+D31I86X4lEKbUJpZWWR5u6RLzCm9VXDqVakyhAXqm0CiLMlU7JskW9kvyS5/Hs9l0VI9Jj8HvqR50vZN6qetnafo4Qrxh+Na6n4CXeIc6fBcVAwWxguxUVO1s8V02dzFOedVFKTHQrijC8wj+UO++3bzRQmwZgKEqK4mYDFeZUXAnM0TmH97yOUcUy3NO/wlz+P2PRUj0mPwe+pHnS9jDuS2colCdHdzo88K/2RXxrwM3mtZh0iqLSpxaRIRU2gibyTbmLcvzr2qScObDNHIsptcpgY7UVFTBBD0shh7exyQlgO91pO77oebxbowTIMwFblRXEzAYFsVFRcCczROYf3vI5RxDLc06v0S5/H7DoqR6TH4PfUjzpewie2bHKHQ3E5POLzwrz+5H4V4JftW1uuVxteVzEyySc3ui+BO2yThzYhIcaU2SiYGO5UVMGETS2IHtjewQmgKbXG0917ofhTZujBMgzAVuVFcTMBgWxUVFwJzNE5h/e8jlHEMtzTq9z3Jc/j4eipHpMfg99SPOlwxPbNjlDobicnnF54V5/cj8K8Ey0ZLt1uutF+F5lZZJPyfdEm/cmzf26QcSZEMXI0lslEwMVuioqYMImlsQPbG9ghNAU2uNp7r3Q/CmzdGCZCmArcqK4mYDAtioqLiqBOhuijwQ82Z+Hn2o06vdttTntv8OIr8uM9CdjC1HRtTzm604i+2ECW7Du4oVUROdckT+fhFEJTzrgCu9EM1Lbbx8EtmpSqO6gw9H96snvF54V3/mc2zu7sS/vTa3XK42v4XmJlkk/J90XPuTZv/EJBxJkQxcjSWyUTAxW6KipiFq9OS9ocqOUeLI3l/pAj3z8y1r7d3Y4eKTJkkRyJBkpGZkt1IlXaqqvspPF5cfY42u1t5teU24POK//AKm3DDtGSoMp90clV9szEliYaIfyO6WxVTZs23/4D0ekV0abq0nKwgrq1dzZL5lTfkXHU+n/ABW/Wx1Pp/xW/Wx1Pp/xW/Wx1Pp/xW/WxRHqHJnArsVl7LcwQsir2Krz4ZWRMmuAzEjjyjccJAEU8arjqfz9n5rfr46n0/4rfrY6n0/4rfrY6n0/4rfrY0JmQabTWyenSzRtBbaBLqS9lzcGicqsUwjNpJjKAo527Zk2km6+Op9P+K362Op9P+K362Op9P8Ait+tjqfT/it+tinOUqrREBZMF22cEcBHBvZV3iSL2nvlJ+jL9j0a76SuOl6b6Y37Hoib5leDpKd/B7HvdO+rWO098pP0ZeD1UqFClOxnLIuVxtgjFbFdN6Y00v4et9M+z40z7E3AQk630zcpJ/5fg6Nd9JXHS9N9Mb4NI+tdLOmxnyi8UhPe2uPPCRZn2jLagpz40z/Z9M+z4q3XedCqSsRXtTHYytcVacy2jg2m8l346Im+ZXg6SnfwYmdb6zTW4ywpmradyK5NZZLsXhIV7El3pjTP9n0z7PjSvjlJqk0Gp8XiVPb1jaouzM2wJJ8C8He6d9Wsdp75Sfoy8dHTfRj4O+t/STg6Nd9JXHS9N9Mb4Oh4fn5HB0wvoTGOiJvmV4Okp38GO9Q/rGPwdItfuXg73Tvq1jtPfKT9GXjo6b6MfB31v6ScGjo1mXT2yZiOk/KayNkWdUsw6CLt7uNCm482nutvw30l1BVB1k0cArK+qLZU5+DoeH5+RwdML6ExiNxyl1Vo2J8VSMNY04mUhu2oknwLjQRryuo/aMUxKTSkdceSIjjzvtjq3Jcz5mXz471D+sY/B0i1+5eDvdO+rWO098pP0ZeOjpvox8HJbMSLxIV8OVPyJP5mDqfkSfzMHU/Ik/mYOp+RJ/MwTxU5unx4xK+1qj1rbrprsuuzs04ClpMn1BZMdI8fXDq1jNtbVzDtuC4Op+RJ/MwdT8iT+Zg6n5En8zBzlqtWCOMRHYurbu3MaeW5Z1tsBeDpFr9y8He6d9Wsdp75Sfoy8dHTfRj7f0i1+5eDvdO+rWO098pP0ZeOjpvox9v6Ra/cvB3unfVrHae+Un6MvAa2LNbNqS3dUzNuCoElxsu5caGL8o1T7RjQz9oVT7RjQz9oVT7RjR3rVUos6KL8rjU1+7DudtRyyHTHlKO23aNENfU3oMQqi/x+pDnfJgVcKwvoiXK+xExoZ+0Kp9oxoZ+0Kp9oxoqsOrUlxHYErj1QcyOJsvlcfIV+FODvdO+rWO0znYZVooCwEbjuv5kjpIQ76tFt+ETFblfJ8r1cVuV8nyvVxW5XyfK9XEo5dOZkHGcccaNkkdbETVMp2XcaYS5Rmo0gPBqJjTq/Mi+z5U59pkfG4aB/fhMrbQoIJ3EFLJiovRJ86OklhtuM6+mqVwmkVVbRecFxW5XyfK9XFblfJ8r1cVuV8nyvVw+UmkTwhpGeNs2iVWYTTJdiaIvKFe2r/Q6iy/l/5iMjf+DhLlJpFQRv9NIpkPzp7NLi7V4CuJ+Y3JFwvmHgW/WunQWLdzMhyf8AF/ES2SosKQgf1Drjf+Nj8HLacaPxOCor+/GxyOZA4nhFcq+yS4QylyHP+jCdJP7VuAsyMym46eDisZuP/B+IlYapSZbWXukDzL6fMC8A5UhVaotgn5qSzy/N7IexpdJlOZu4Tj7DKfMS8BZuPVaoOiv5pyzVPm/EVsEs5Udzw6+E8Cf2rcA5UekNSB8PGYrT9/1n7IdkaPBjif8AXuOuL5pMciEy46fibBT/ALsLdx4iNxfCS3X8RWwsVen6z9ApQAXzLwR5Z1SWDTbysylaBUZDVj2KCu2yYi1Dy4vVxFqHlxeriLUPLi9XEWoeXF6uItQ8uL1cNPtt1k2nJmve1y3aFRGy2TZ2S42ExSKhqv0yimA/Ov4ly4TzboeNs0P+7GnAoq83Eans/wDj405HyGp/Zsacj5DU/s2NOR8hqf2bGnI+Q1P7NjTkfIan9mxpyPkNT+zY05HyGp/ZsaVJU63VWmWYkNIs5rMhSm1c7J5kB2Ai8/8Aw3pYtAWmTOK8W4lxnP7SDubNr2rcu1rYndc0oT6spP1ep1vYoV8mY7b+7jTlWFl0nrn1r63Zsq8WWRq9ZxlPFfL8GNLVoC06aUPivEuM58rDb2bNr2rfhLWtib13pdTZR6k1rU6hHsthdBQzuWIFX3W5UXnxpYtAKlS0jcW4lxnOisi7mza9q2+1rY0nWIOjgSTSucTz67i5tB+C1w5b6z3S408W+l0SU/FqvW5EyPR8xI3k4ztzIK7c2K990UKuLIA5HFeK6l1nISDbWu3zIV08WHuLO1ySDJSsufVN8txzLdL5QRVtfGna1OXpdV4tLixutyM6sH1sbyrxk75Nmzw78dUpbf8ApP8Aq8dUpfkn/V40qUhmxlfXSDiW0bQ3JdtTr9vIty8dUpfkn/V40uHSOrxBzx6KULivGETaQi5xhxM9uSipt7qYpT0qvynljtUpAUXtcKqhCSFbLlsubNa1tuOqEESoG2KzYrVOV5tt1U7IRcKS2pIndyp4sdUZXeIsOvarrVbNq21O1+N89saYLQeLznYfEuI8ZvqmWnc+bXtd93WxpmtO+4GoDBGVxDW8auTo58vGByfgt11x1Sl+Sf8AV46pS/JP+sx1Ryj6t+VEnQipYmbEmI8TJgSpLTuZk8CphrU1GiyHY8sObM2WW6eBd6L3MaS/c1FkPuNUtniXGVfba7Enb65qyZ7iniXGm96XxriD2lyw0QEm6tUyI0j+1NdZq+fw46X/AMmzj38vmgx/4U/+tXHTTnoMbDzcipwnHnNHZ27V1CGZsG0SlyUJRJs+5v5sMlHlQqo2EmOaZTBxGMhCqLuVFHHeKj5+LhV1lDbSTZPyhanIRD/7kumLSToZRqrAdT8ppOwcVF7mqdIvgw3djRiEosnbdJnLqh2/1YuYczMaMy6Y4+F90mdPacX/ALYN/rwTw6T8bjqisOsMucXTNn7KQQjbdiXUmYkFpx6U8s+k9i20CuEux262RObFTcq9UcZnNnNdtnUG6VIEU7FE3YqU2nHOOopUuJgp59WMfJmsJbsxWxKlzgiSmBpEuYzqy7JsldESURzIlh2c18atp5yks8VFcqERqzTzPL4bXVbYqBt0OJFtOp8Z+OzJKUrpqRKkjLmTJlsiF3dmK5WqOkgTaNmYwrQuCYqKoiuNohIqc6Y6bl+iRcaRSKE3Ua1LKcLKimsVp9xBvmRd2ZcVl6tzo1WcZYkvKikLSRI55UsibLkuNNpsKnU6pymoMMVDI22DioIoiiuxMTFOnaeu5hfNdgVVVVQL/rXyL4cuGLO6XyGKTXXEG6NPIl25B25tUJIX6Cd3Fo01uO3StEWNmbW6rLrV/QFFNV5yt3cOlr82fXXXNmve9+7jpf8AybOBUF47eypbYTIEi/CmAVs00U2gSKi7aaq8+OmnPQY2H8lJ0kr9UdoLhLsZqCyzuG3cjwp8ZE7uCVv7snIsifCsiAEmO0TRODbviKil4dvPjvFR8/Fx0e/6Tgtd95SKJV0XauVkSip+tpRX4cN6qo1epzeMGSZfaoLiwR382ZoyTx4POzVNJoZQy3/e4T22mf8AtiOKY3VnklsR+KOuE2NnsyqtxRfc40HiNN1SM/HJ1JjyqCPtE1fa3zXx7io/VkjDEx4K+bwRCiNNu5OL6vOp6xxvZ7Ym6+IjdenxoCzKQ2qqrTjaijms7HaSCC58qcq1ufFbeXStJHGuvSqms137stuxy2y5dlrbMaNQ9IGU2FJjEcF/xr+FBfgFMUZwdH9LWXEOnSMqPNq0+TWcVC6ISE3mAk8C4W4tV6aKKu/ZFipjpif6QWOm3fQYuOl5vnlw4TL7BIbLwqokJCt0VFTcqYDJUjBY9XS1kWVGXVGY+A7Zk8dsKQUbQs3adT4687zZ2kO27pGNvEKcDSzdDa04JVeOIor0dyyBr2u6qJyh508ONJoUp4kRCdcpk0yVE3Jcoq4mpVJFbZNqq17UuttxY7iK2TbQyABVcJOe1hTdt5OkYUafLqhyI8cmJbuZlYjDea7DRpvBcT1dhzKrJl0mpN52yVCfV0DHMgki8+NIwomlIN6usw1iyzQnm+xVwVjtGNnOVa+zdivjG0Wq7U0adVtTJIXFddYIewBtTS6Au8cVkazGp8N1qY6LUhrIZP5kS0gAXdispR6fLdYl0l4mpDqK8oKy8lmANdwhjSsJ1flQn2aRECLObXXSB1WZFcZAUy5s21ebDvF4NOqUF+Y/YlyNNSgcMrCirsRObGlkWoxsyFxd+nT3gzDuXK5GVLpio0n5FkfZMVViHoPEhk27UWYj7TQulTHmLaoGkPlEicnFeGtFSTqC1BBZktatHkj5P6Q2F75F3YriUt+gHqqO+4zIfR+E5ckD2htz8Gtx2/k2xXYU7QurhGc0UfegSXxBDcN02UAo5EOrVcu7aiJio0n5FkfZMTW6pWpgKzGlhGdYjUxoUy50B9tvMfuBRLJvXuLpONJqsiqyZIxyYmPKTTkeOCFmYaNNqgvPiTxymVWpy34EpBIUcaceUhKxoipdO6mNJBo0+XVXJEeOTEt3MysRhtCuw0abwXElJlLqlRlPwJaCYo4044pCVnERU+FODSkKVVm5ctw4ax5jioDhoordlox2+PD/ABqm1Sqz5ECSiEOsZelG4BWNEVLovOnsoXG57yKbrhLlZYaHlOOnZcop+/Ym3D9I8se/kYhi2ssNZAqDJK5FkCnKyGqDtFVsSKl08Sph2nDS6ujqxRfkuNu2aeNhcwo0ScoF58PUnyx3+Rh2EbVYccaijFfN0kJoUNc2ZsNm3gixoNKeNRhOzXjYWQibzbQWzuCLsv8AqwFNmlFbJwYTMs1edypfKCG0KZl5rqmAGJWqk+sYG5WdoW3RvdHOxUhtl27MOwjj1R8o8cYr7jpoYt6zsszYbLYciNuUUGnJfGnjaRUeIhHLkA78lcPQvulqQgbDovOLFRDYKR2R6u+4V/Jw7CNqsOOtRBivm6SE0IkubM2GzsuCRTEpNRicdYRyU6LqNZFOyijK9lZO7jKkqpvtR4ykth1jziNjdduy64fp7lNZeaYVI0h1xxSeVURUQ2g2bO72qE21UarNldcZqD7Y8jB6ttCLfYU3Ju391cU2lJTKdOkMx45sPk5qWX1bRCNHk2qibVtintvuRIjM2nKaZijv5gsQFsVFsSp4Ux3ub9ZyMRKPYCJE+85HMv8AzGGILTVHdcdilEZdaJSdFAXNndc2bMMpJg1Cq09mZHLkuNOy2wMVt3UXEGLxpuTFhQWHW14uw2SFubaUNwhZEvsxDggxGp5TIsiK06yQk3IaZUVzuOXRdb82ILcSVWQF6qugmXXuiT7SGVvysool8dJueilj3tA869jvDP1W/j35N8y3wdAf5csdK0/0tvHSEH6Zdq9+z/PY6SnelHjolj97WO9zfrORic6hAqoX+y396L+hhxXqVV58h+A6oE2pNmd0XKVlTHTVL9Oax0rC829joOR6dEx73/xpGOk3PRSx72gedex3hn6rfx78m+Zb4OgP8uWOlaf6W3jpCD9Mu1IFNGQ+45o9WVWzZuvLmJl6/JVV5BbubuXodMdqE19ZEo+uDogTxFnVdWEhAsq7xy2xqqrVKw0AVeQCorEGPcXEFFDYrhIiWTmTFUjR3gCbnZN9oST/AGlIXahL3Me7P6XAAuSqNKYlxmzRVBXI7ovChWVNlx24YjrFI2xrejkt/VORZbfZplcEmyVPcmKpdNmzamG6do/aMXXWopMckEkZpdaqJrXXVtdE2DvW2/ZikANO0MIW6JDfUkcksA4ZETqiq5SPOtrcnZvw3EqNMJxHCpc1wWX4ctsbEK2MVRUzb0Wyp4MDT6BAyC5VnI7uved1fYgCIpmSrcrCKc64jBRoTrzjMNgzTsGGYDzYawlW2Zef9WFg1pmlmbkECnk1kNwcpL97vBe6Jz4ocBupwaZPep7g1KSZC+1FMwVBWSqKuZE5saqlVigRlapzhqiR50NtO6exHBTlCu9Nqc6JQaQxUYTyPw3kk5kB5CzCqATqjsXcltmMlRahyAdr9aRbti8zezLNuVZV7Mt3MnP/ALh//8QAKRABAQACAgECBQQDAQAAAAAAAREAITFBYRBRIDBAcYGRocHwYLHxUP/aAAgBAQABPxD5jHFu3Qh1S29ZAirYRD7TgcT/ABBugeLt/wCb0tQvuCANoaLVgDbm7b2KiRJVoHor5zpalKZCriVOMotuFGH7AJUkRHYjyfLOMhD9SBDE/comA+eV5H+oDyOzeSZKepKg66fwfd8vpaAUK2BdK89m1wWBg4jFMgAuCDazSj8sf+6FJ0AmVvsOAPADk/IwCyqEJ/QJkKDkqDQddP4Pu+T0tfxPfiHwXNe5Az+Zb+w+Qbv2KvzGe76cq8RMoAcfs2YAFPjyDIf1QhPYDIXmJUH+gP4Pu+Ppa/i3/EPgua9yBiilSxRtX7XfmX58xLjHz+IiZQA49ttMACnx5Bk/7oQnYA5dSsBEgCIhVpiOH0DR5G1Aawx5bNYsHqSZDuCb+uSOmbLpRKG0fSnpIBJLSFGQaSqJ6P5nv7D5hv5l+hmPcY+fxETAYtR9y8SuBR7cH/1SfOagVVq/Eg1GwXCAmuUoiCAESSeXKIw17aWgj/BDQzhhUPFWez8K1atWm7CUNwmmBN5O5uDXkQogxYWSMU17JD8C1at1E4zmkbBth6OCeQe4yw6+FatWrRtKkUfiaBvh+mg155/+s9/n+8HqrgrKBIDER7wICUG1d/Q4U9Mw0JPvNfDXn3VfoXiQ4pprRzni5+M4Kb2nNyhd8yep/wDrPfPORpxA3MLZzec8XPIEW7h+aANB8/Ud4NblXn0gh/8ArPf6Pix94Nbl9zx02e7KFOmODXnoFCMNgR4RPhpBA+m2CKLQMoJ0+lwmRgwJy1Q1ocAH0OLH3g1qm68KxKfgxPs8/BGrVrrsRq1TjjZeb6GveIlkkuE9p8DVq1OBOtIvdKa5/wAEx94NbH3g1sfeD2dx1mAFQoidYGBadqOfLy+XlcNpWjSDCiK1zF+Q6Sm5fx6RQBwAZ5eXy8sUiUQUKIV0h8vvue97pDWabz1x8GnTpnKpiX5hePnN7PM5Tz48CSkpzHz848KkvQvwGP8AAPQ0GFKD7fBp06aAffqmZgim+fm80+Vcbz85gMHwrwT9r4z0I/W/uNenF9vHKT/v9CjK261X2fhk3kRdn+qsFj4TH/uHxKvTJLK30FU5CbC5+F/QoTwYJb7nolVEjxNR4YfiVFFPYi/PonBH7Vj+BB9CqBJD0F/q9HQO8gHR90+LgMGOxw5JODM8XF/GPOOsWt+r9De9nbO8fv8Aoai9jZDgELeviPnz58+8LJZTZpASb25e23LO8ft/RUn1NzMT84GxgrsksYzXyBw4cOHDhzEpTjkiBVoshX/G5qFQSf8AdgHFuODRSwLo9rl/fHM0uZAHMmuF7+zDcJCSPd4dhxbuYqY06GoAWpV0WhEArA7gvuI4tzRSmDhB987qndxOxkhKi1E6UYRuJn4NTo8r0py1mzIwddg9O5ZKc5vyXoHrhsyFRpjZo6KbM/8AMZ0xqQVQ28uObOs/5jMF67vbGJcAFppcIdtQdhGxwKUAoTIXLhWDaHXmMcfEIuVuTgsZ7YvpljPZMrp4Ld45NGHG84fb3POt/wDMZLFA7Zf4Y/QMgShmpSFZ3nNmBKfW8mHaQnOKkPmp+4EwI1bWqCzFHUyw5ZG14Bf3r0rn736K+n/FEyuEEHlEKMRgiDkuRCI8J6JAyO432LBU9nBTJfvTpfyyMdE49zP6BTziJQx6FFDuoXGkP+aGeVNy1/XHJKZk43o2BXgFzY/wSIINPGPRKGgo+9D8vbG0agVexJXlXS4BhlM8oWKuxJV7yQZqfBgTFhEinaiEiHBSAxX3H03meFNOHo0J74S1DU1bUO/OKhcH1tLAEcd6YUJB1ppDl9DKybOUhNpYUgBvDmVxotOUVZ5IHef74Fu3bdtufvWTxTNyZIekEexuUO/IcagHY09F9Yo0atVQYHgBXjPwy1oMbsHV5L1STMTI5BBSq12vDIkVgD0AlgeS+MfYldw3vcFmkLznrOU4E7yXdHxAkF2zvjXpWGRKvghqASlO9e88kjZdN0ig6CNZJHtkwypMiK0Kylp3UccwLxrnAFb+QNKxspwDrGuQaUELO9fBo5AQrgjPPgoBE4c05wjPUKDAjg7DKAVACrlxGvfdvoNY4wStpBBWFqAzlwsX6FIXR1isTg2ooejvHJ3DPT0pSBQlijriTAKKYZhESgoI4acLjmWYgGxL0qlbMGbSnDo431gC2wtSprtQTJKF4OBcrxQNOOW23TA3F3C+51h2UbC9CitgV6MkjNsmu8xwzXpX5teYrAsvJ3vG8j55L3Ty3vSbmsfOUTelrOonYljFKAThmwlKKlWxURYeTOZZktUAkGMMcIZt/qGRHQ1jWtnGEkE8zZdgYD7mNgoKhYKEsUdcSYcNYCELcPAPj044yc8acfdg4yvcCJM2AnYfEj1ox8EYuCxVAKBTUp5yamrZZG2jAlBShNnBmxszhRa9PzMC0YaCCDIvmelOqHnxsAbYLSoxC7I/3M/QEurjyN0FtcpYFoklxD1DEDQYQYitOMNSeEtTrVGwmPwBJCVSUMxb4pvH0DAxsGECRe+PRszQlBiYtII2V5ixosji0IhrGGH2iK8JUO1Ds1zPkwzLZYpNnO+FQVFQ6x9VK9SnbQOMCQRivRQVUlESKehVZR7aRQ64NlWpmIiDWBtaupXvD2zoDHDHvNn1Pt3MiXgodhETIpi0TFrpHtdXILXDz0aCKgWz6YGN4kn6zR3LoKnKqKbA8YVSEYM46DpB+mCaInYcbxJf1mj1j+XsnKjoVuNYGXj68onsAHWm203H21HdMljV2hgsT7ThipsOzjELjRk/l6GQtUbAxYAEZ2YTmkVgpA7bxVU+CcYzjGpCdIRAwPqPFDQ1cUG1iuvbUcpdpG06VYHfD8ZVSyaKjKrg0/EF2jO9iAsWVPyQ1I3DA1RqhcErI+jdQgFC6jl2+HuKVq4iZRHtvFa3ba6qCBCA4rpZ1nFZsCbGj/wP/8QAMxEAAAQFAQYEBgIDAQAAAAAAAwQFBgABAgcINgkQFBgwNQoXIDMREhU3OEATNBYkYFD/2gAIAQIBAQgA6m0SzqIY9sUJzHK/FGtP5Z/BmuOlYRy5+n9jxLP4/lN1kNFpn6V9L6Na2zWMuJxbOXa5MTIUc0nl/T4ln8fym6yGi0z1XH27loG5eYNkiFTQQ4VIgfS8SXbS8oi6VWTbBfy01loBXSNkntbUa/SPSjLPo8Sz+P5TdZDRaZ6dtFtq6hKjDAt7GwmtpeVs2foCe/SfDHR3MjjpSrtbtkisWGWKlpFYz5WGysAKqVsktraj35R6UVa3+JZ/H8pushotM9G2l20/EcTb+30bFnYscNw1wLg9R6MpIcaSOlqm112RSrYlVqX0BjPlYbKwAqpWyS2tyPflHpRVrd4ln8fym6yGi0zftpttPxHE2/t9Gxc2K0k2Rd/3C6zxZyU4UodMU9rrsiVWxSrUvoDHfCw2VgBVStk/ma6b4WoBXF+Nrbg85b/2xAbaGL4Yq80qZ/LbxuipCAUICx4g7aC3BYhQFkIUbFnYsfSuGuBcH9B4M9KcCUOmKaJ4bNAAvVM6M32+QSSARIl6cpcWmbeJmjtpy7OPYEJ1tH0Ycby/4NzvxHRZ0SPeebRjzzaMeebRjzzaMNl5JayHVWSNmwwAqhRJX0aMeebRjzzaMeebRhNvC2DhigAGHDc9ASTPDm/PNox55tGPPNox55tGEFfJqZWkyV6GaHukfTht2k1D87Ga9NndVEt2V2rJ+nGXRhfo5oe6RhvFQxz4Idc8bGXBnG5mUh1TlGG3aTUPzsZrdjtZ9urqBMye5a2XGSjESkBVBBIWd1US3ZXasnFl26TVnOXKGuWtlxdOwzVTW6ZMl4xl0YX6OaHukYandANxz2at2G3aTUPzsZrdiRpardmN30vFndVEt2V2rJxjrrMpuvfpI5uxl0YX6OaHukYandANxz2atzRuguoINQRA7f13GAaghIxI0tVuzG76XhIVjBA1QYA5iXnDpdqitGuJO466zKbr36SObsZdGF+jmh7pGGp3QDcYonUHOUuU92RynuyOU92RynuyLBsM+3EOZU5GQtl1pyqgQ5LlPdkcp7sjlPdkWix4cSK4wDpmL36SObsZdGF+jmh7pGGp3QDr3v0kc3Yy6ML9HND3SMNTugHXvfpI5uxl0YX6OaHukYKGhABaRKOZV6RzKvSOZV6Rj5epwLThkVP+tyZHu0NRGpB5lXpHMq9IXL9OpSKVlTEYy6ML9HJO1ay5aysyPK28I5W3hHK28Ie7FUW8ckWO47n+HeJWfrUjci5esWYok66p1TY1nF1xlqjBHlbeEcrbwjlbeEWRah1EbQJM31MySPyqpUaLaH+FcRQX13TP8K2zgm7FEj/E0pV/o5mEPmJlBoJmZgjUiSLjUiByrl6cjj/Ds4zusER4dnlKf0ctyH8rXpr3W9P8UglRfVlwf/ibFAe5gkOFQioP6ORZDiGcalux+P8AEM8pV6szD/wKkwYIFZjj0ByBCkHRKmX6FzyHFNw4FuZl+3Agp9JMrzWO2Oax2xzWO2Oax2xzWO2Lg3QVXMIHWdtgQ4pxkwv0j5WQ4FYc544PP4xy4vSOXF6Ry4vSOXF6Ry4vSOXF6Ry4vSLNWKcqc5i5k5/zV5L9zaZ4MvDEdH1pHBPQsZQTKOGpMi8d/ptNQDKxaG65Z2J9Q9F5L8zaR0MCHLe6ae0wFqEfI4Y63TCrRZi94buqGom9nSGiJIx6u3mRoy/xE5SzQnHOhOC99piM2tdjnQnDazCJmTtARtTcBImSqODHczQqRqpBJ+YsxzFAUXfyFm1VSknD4yOmjJ5I1HOhOOdCcPLKMyineHFb64XUyIZsC7GSIDaVOBDouEo/4nNYnmN3wvFitIk4d/3BEjMTUAEWseZpnOCgQfMEUMVQKC0XK+1JGMYkKhUbCgUqxtXa0p30AiZeOThkIInTYBtcOxlA5VZgy3wln5lkoftCOLSEHfhtkUphmC5TGBrISmIbkpZNthATDpelNekxq7Up85WNVGKCWEDW27bpgqHwFJZeaoDhjsJHWmwQqPZPtJNR1oEIlbCzzYOtwqOPk9bGg8iUnC2OF4gE1FNFTdrmsZerrmIZ/ip+X5YzG74XixFUptAn8HYJTVcAScsxNQARdi201FlkVcBcd5hQTyxUW5X2pIxht2s1F6kwRvvYUULJp50LC6HSEWbf0hi1FIs7bwJzrHBCJOIZIoaDHlkxoszFtrSqjpmLImx22WNOAEifmzkyaX9NhyYepA/xqJKhVSZTjnQFloJOtyBVTtBpYlGYmoAIs5pUlAoVIlE6arvsilvOAYnRjaww0du0DTi+dlwnSVkKEXsU/gaflDsrjSepPyOrGS9q19dWQhiNvEQUs3CxQ0+8Z3AXVRaU98W2WzdvSicFjIw1ZBIGAz+TdpVRdHLmU9hY8Ob62XrOu8kKZSTAIRKwj7LV/OD5Q3IiVvnGLbcVOGxgtwtIAhqZ+/thFY6ucclXLbz1Wm8SkH5RXIi2OMisdUpjLeR1pXAtr1A5C2yUYIt8qXHyXtWvrqyEMRtmkmCDfKlx4yCtA41lx1GSTBTRyaGVAG9L0eqcgEajZzm1asMC5CU5SsxyTwyLb6IpCETPNq1Yt1eRIdAwgZOHxkA3UA9wg5PK1qDDUhzcbqKJiZWfEt3elHc5isEnca6iY1ww6zhK8KSO3q1mm3V5Eh0CiBk4Wsj28QU6yAqmfDKFqx62Jf5DcR+RMr0cr1MwK6Jg1t7FFumUwIUSwx0yReYAQWRmtDcBYlNaqiU4txZlJa4wghN6nBSyMZFDsoxi7pcHDnL/ANikhspQZonbpXMmLYqIYuG/dzMZm/0ycNr7PmIwz/vG91y9dDw9uymYxT1bT0sp9XiQ0O0l4s/rkvGRmtDcU41vaqXxlbdGMpyCWLGLh9gNxiZqucZgabCi1322VIw37uZjM3+mThtfZ8xGGf8AeN7rl66Hh7dmMxinq2npZP2bNnBZrBQjdp+Fy1IAeNdmzxg/QsGshkk2I8TVVBb26dyylhniYhatwM1ysVc/1l9yvFzzDKGmHYmlPaYyWYOIbqZKxWEAeGdztOAljDrt5NvW1HIUNBwuZArrrIM+8D6MK5cIbI+zR4ko1qxU/c58GS1QAuMFmzZGuSwb/wDA/8QAUBEAAgEBBQIFDQwIBAcBAAAAAQIRAwAEEiExQVEQEyJTkTAyQlJhcYGSsbKz0dIFBhQgI0BUoaPBwsNDVXKTorTh4zM0YNMVJFBiY4LxdP/aAAgBAgEJPwDqlye/06t7p3bi0qLTINSnVqY8TKwgCkREZkjMW97d6J//AFUv9o+SylFvFKnUCkyQHUNBO2JifnP63u/8vfOD6Jd/RJ8yvK3X3Puq4ndtSdFRFGb1HMKiKCzMQALUz7ne613d2S7VXVnrXYNyK1NgAGYLHHU1k0m0LoQ5+L+t7v8Ay984Pol39Enxn4y4CaV490VYG70LziAWmQAcdJc1rV1bDSeMmQVHRgyMAQQZBBzBBGRBGYI16nVN495dMKtBKQIW7XgrDm9LJxVKpkUqx5AQ8UoRy3G3ipdb9dXD0qtNirow0II6CNCCQQQSLMl199d2SalMQqXpFGdegN+2rRGaHlLNM8n4n63u/wDL3zg+iXf0SfFvMKJp32/Um12Nd7s67NRWrKc86dM4cTNaqRcqhVvc671Q3wm73cgkioxPJpvKtQosC9JZkqrLTTqVBLzcryjU6tKooZHRhBVgdn1g5iCLK9596l5eKdQyz3R2OVCudqnSjWOTjkPFQcuu91vt1dalKrTYq6OpkMpH/wAIkEEEizJdffXdkmpTEKl6RRnXoDftrURmh5SzTPI4f1vd/wCXvnB9Eu/ok+Jefk+VTv1+pt12x7tdnHY6rWrKeVnTpnDiZrXb5Xk1Ljcai9btS83lD2WjUaLDk5VKgxYVXqlCnerleUKVaVRQ6OjCCrKZBB/qM7K9596d5eFYyz3N2OVCudTTJyo1j12VOoeMwtVrvdr7dnWpSq02KujqZDKR/wDCMjIJFmS7e+u7JNSmIVL0ijOvQHbba1EZoeWk0zyOD9b3f+XvnB9Eu/ok4bz8nyqd+v1Nuu2Pdrs47HVa1ZTys6dM4cTNa7TeTFS5XGqv+FtW83lG/S6NRosPksqlQcbhWl1agl5ud5RqdWlUUMjowhlZTkQRZXvPvTvL8ls2e5uxyoVzqaZJijWPXZU6h43C1Wu92vt2dalKrTYq6OpkMpGhHQRkZBt7nvdL5Tc0TWw4aF8wCDXoDULMrUAHFrVDLTYgFUteLvdrzSv1K8FrwagTAlKvTYA06dRsU1QQMMEAyRlb3X9ySdkvewJ7/wAFMdB71iGqXehSpsRMEoiqSJAMEjKQDGzgu9e43X3Solq1/iBWTrXu12dScJAI+EEkVMLqoUI+J7Xb/muTUuNxqL/hbUvN5Q/pdGo0WHyWVSoONwrS+YUEvNzvKNTq0qihkdGEMrKZBBBgg2vXGe8hRxy3fE3wk1MX+Td9eIHXGuG45qcUoFSbwKSULtQRUp00UIiIgCqiKoAVVAAVQAABA+NQ466Vs1YQKlGoAQlai5BwVUkwYIYFkdWps6NWpe6ZuVc/8Opqp4sqpmne66NI44ZYKMulFwamOo3FlP8AQdZaRecOKc4ieiR02vlPpPqtfKfSfVa+U+k+q18p9J9Vqq1VQwSNhiYscKICSdwAknwC18p/X6rXyn0n1WvlPpPqtfKfSfVa9I9RyAoEySdBpwXhKVWAYMzB0Olr5T6T6rXyn0n1WvlPpPqtfKfSfVZxUpNMMNDBg9BBHUd1X8v4vOjzRbmanmH4vPJ5Rwc0n3/F31PSP1HdV/LsJVnUEdwsAbXX7Sr7drrmAf0lXd+3wc6PNFuZqeYeCjxlUVWWcTjIBSBCsBtOybXX7Sr7dqfFo1LERiZpOJhPKJOgHctzyeUcHNJ99lx0XLYhJEwjEZgg6gaG11+0q+3a74atNCVOOoYOWwsQfCODfU9I/Ud1X8u3OJ5w4Nx8nBzo80W5mp5h4OefzU4OZ/G1ueTyjg5pPvtvf0b8HNn7uDfU9I/Ud1X8u3OJ5w4Nx8nBWNJHMkYVMkCOyUnTda9Eo6lSMFPMEQR1m7g55/NTg5n8bWbDVpkMpyMEaGDI6Ra9nxKfsWfjKsATAGQ0yUAfVbe/o34ObP3cG+p6R+o7qv5ducTzhwakGwpeP/SwpeP/AEsKXj/0sKXj/wBLYeMNRm5JkQQoGeW48ATAlPCcTRniY7jsNhS8f+lhS8f+lhS8f+lhT4qmWmGk5oyjKN5HBzZ+7g31PSP1HdV/LtziecOr82fu4N9T0j9R3Vfy7c4nnDq/Nn7uDfU9I/Ud1X8uxhlIIPdBkWvP2dL2LXn7Ol7Frz9nS9i1bjKbU2IGFF5Qggyqg6TtjqF5imKjhRgpmFDGBJSTA352vP2dL2LXn7Ol7FrxipVBDDBTEjvhQR4Dwb6npH6igYUhUxSwWMWCNddDakn7xfXakn7xfXakn7xfXZQtQqGyIIgkjUd0G2jFl8ZGHlj4+iKT0CbanOyKyI2EywXOAdvcItST94vrtST94vrtST94vrsAtVC8gEHV2YZjLQjqvZUivitP4raLWpz3sQn6vj6ijUjvlSB9Z4P0lV26IX8PzHsXdfGCn8NtVIPQZtoQD0/G1bAvS6z9U8G1C3jMzff8x1p1kPSGX7xwdlRpnw4BP1/G1qVlHgCs33Dg7CjTHQgn5jqoVvFdSfqng2KV8VmX7vjdkzt4oUfitqzAdJi2gEdHzHU0akd8KSPr4CgpKSRKyczJznfZqfiD12an4g9dmp+IPXZqfiD12an4g9dipNIEDCI1IJ8gtoa1Oe8GBP1fMtGUjpEWup8en7drofHp+3a6Hx6ft2uh8en7drofHp+3a6Hx6ft2uh8en7drofHp+3a74KNMkk4kMcloyDE9dGz/AE3d+O4xMU48MZkRGFt2s2TBxq4sMzGZETAnoFrpOGtxWLjI7LDijB4Ynw2u/HY6eOceGOUwiMLbtZsvF1UaHScUT1pmBIYdwZgjZNrvxwqJinHhjMiIwtu32oYuOKjBjiMQY9dhMxh7UWun+XdVK8ZqGjlTgygkZQcttqPEvSwmMWLEDOfWrEEfWLDEKSkxMSdAJziSQJg62unFpdqLVSeMmSui9YIxZ57I0tcftf7drj9r/btd+sbDxePXlhJxYe7PW9y1x+1/t2u3EUmMFw+LDuJGBct5BkDODaoq0FXEWnKNhBGs5REzIAkm1zLUwThJqQSNhIwGCd0mN9rlGNgJ43STHN2u3HYqYeceHUsIjA3a6zt0tdsfwynjjjIw5LlOA4uu1gaaWuP2v9u1x+1/t2uQMqrK3GwGVwGBHyfdg90GxmnVUMO8Roe6NDuNqHHsqgsceHCTmF61pMQTpqLXX5XBjFLHngnUth1wS8Ye5rbmfxtbm/vNvpf5gtzA897ArTYKKi76bgMGG8gEMu/TabEMrUiQRoRikEd+bdtT817aVTh6UgHwHO3JFUNSYd3UfxKB4bHlV6kn9lMz/EVsOVXSoB+yiMB/EW6LYfg2BuuDEYsoyUE77LSLuQoHF1cyTA7Hf4LUxTpBkMDSTVSbIjhBTw4zESXmMxuE2VELI2MIZGRGEkSYnPvx3LSQKxnWImsBPc0AsgNdn5LMrFQsCByZgzMyN2dqVCphgyjSQRpMNI8NuYTz6lqK1SlBMOKcpUTt2wLUlpI1EMQu043E9AFrqjVHpKWJmSSMzrZYqXQaDbS2j/064bhi32OV2VqqDeOyQd3EQR+0dgtykLGrVOyJnD/7GFA2LMaWAwxEbI3W5n8bWz+T+82Mj4X+ZbmB572E1aF3pB+7TwDPvof4STstn8GDKrbSrEEA/s5gdyBst21PzXtzi+bbL5RayeEhvqeR4LGadOkkd9xjPhhlB71hBp3Vwf2ihLfxE2qGmMDNIAJyjf37XpyabK0YBnhIMa7Ytvp+kSxQGiFJxkicUxEKe1OsWY0Uapgc7QZjDnoS3JnsZmDFqS/BcOHBsjyzOeKcWLlTOdq70TuYB1/Cw8JNqo4+7sOUswZUGCDGRBhge6LbbunnVLcynmi3MDz3tzKeSwlSIIOhB2WM0wcSfstmAe6NO7E2g1r0BUY/9pHIXwKZ77HgOG+UhyCdGGuBt0nQ7Drlag6jcKiAfU9k4taTAqmIEswzDMVJAUHZMsdYHXUDVprSCk4kEHG5jlMDoRZIdaKo6mDosEGJB8lqBq3YmUOJBAOeE4mBldJ2xO21EteaZTEkrlAcHMnDtGhtSNJncECVMgLHYk2pcbUUMjiVGUyp5RG0t02u5SgrqXJZDkucQGJziNNthLvSdQN5KkAZ5Zm13dG0laiAx3w9krfvl/3LU2a+s4IUupJHGK3XFo0BOtqJpCoKeHNTOHHPWk6SNbUuMWsJcBlXC4yJ5TDrhBy2zOotSdL5TLCqBUVZgABpDgHFE65EkWSt++X/AHLKadFTJBYM1Q7pUmB2xJk6DMkrQNSkKKrIZBmGcxDMDoRsiy4atOkisMjBAAIkSOg2oGrTWkFJxIIONzHKYHQiy4atOkqsMjBAzEiR0Hgu5qUiiCcSDMDPJmB+qww1KdGmrDIwQoBGWWR3fGfCgyA1LHYqjaT9QkmACbCt4g9qzE4TDKcmU7JEnI7CCQc85BAFXjacThUEZgMIOIbCNlhW8Qe1YODTAJxKAMyRlBO7gZnqgSwQBsO4MZEHbGcDWJFjVUMQJZBAnaYYmN8A2Jaii4uTBkZRGYBmcs4sKgamuI4lAETGUMc7ByKpIGEA6AEzJG+wf4MhIIgYsmC5DFGpG2wcGkATiUDUkZQTu4BV41HwGFETMZHFp4PBacNNSxjWFEmOiwqCoVLcpQBA1zDHPqTE06dNcK7BiEmBvJ1OpgDQCz1uMempJDKBLKDkMJyk6T4bOQGco0aMsHIjdIB7hAIzFt6ejSzVsx26+xY1CaoAONgRkScoUb7HC6UajA7iEJB8Bs74SrOxB5TERtIOpMkwSfDNmqFmqBCGIIgqxkQBBGH67OWWkSFB7EEIYHckkxstzQ84W7ep5Ft2x9Klu0Tyng+kfiFuZqeYbc2/kHUu0p+bbmk80W55vxW3p6NLIIP/AJV9dhFWnTVWEzmBnmMjbmKvmNbmX8q259fMqW7b8KW5oecLdvU8i27Y+lS3aJ5TwfSPxC3M1PMNubfyDqUuVUCom0BdGXeI64ajUZTFWqKarhHyYJAiByimLIaGZG+006VMkoD1ztmCc9FG/UnTabU2KkpmFJH+GnctuHASFqoymNYYEGO7nYtig4KiLIZDlmCCJ7ZTMGCJEEmpW5XJXAFGI5DRVHhOgnQTaoeMvIJcrorEAALOoWBM9dnplBdKsRiQSrodDoQQY2iQRsItxlZ5IQMMIE6k5ADTMnYLMarhQSQNWNRSYGsDZtjM24ykagAb5OZAMjrlMeC1Woab1UDA01AKlgDngEZWmpRrNLAdcjnvaqToRocjsJrVjTZcJGHUaESFnMa5yc51tKFlIppthtWbdPYjXadk/wDQP//EADMRAAAFAwIEBQMEAgMBAAAAAAMEBQYHAAIIAQkQGDY3FBkgMDUTM0AREhU4FiEXNGBQ/9oACAEDAQEIAPcxdx1Myc4r0kC3Z9Wv1/2vJWpE8KW1/I2nO5g/CQvnzf4UdR0sOtYCS0vKfCRxxgGCaF9O053MH4SF8+b9TV25nwqsO9wWDA3h362X+1tSOxh2pwxAFytpPWCAhI9mvhOfjc9qfIejac7mD8JC+fN+nAjAPS3QJyuetxd2MNWfN17f9pvOE8kngzpLCfNkjI5HRPUHE3SKuREJHc2MJz0bntT5DjtOdzB+EhfPm/RgNgL9P6Tmc1Z859fV+q2Wz7iAvnko6GcJ4R5uEpGJaJqk4m6RViIhI7mxhOejc9qfIcNpzuYPwkL583xwGwF+l9JzOas+M+9TWorabHvIS6dSzoZsphHm6SkUnomqThbxFWIiEzmaEDI8evMROTawnyFSY0dwiqo2bubD/X/boVLDymOZsrbIxkbLjGvcKjWfOfXjPqtls/gIa4cTDgZsoobrakIwNC4ampmTpm8wY9MPTEusVdDVknKjcqNO1uhJaF/4NhxG5HRaJqlcp0jVynSNXKdI1cp0jU+4yXmwNYEqJycObMWAA64myPprXKdI1cp0jVynSNS5jS+00mIbNUzYGeDhI6HE3lOkauU6Rq5TpGrlOkanaz1NBP3ElD2NsD7Cr6dzTqEhUR9Vp/pyW7fqnDbz7d2+nO3ued9nbA+wq08j4pRHMDhaZxyhppRLN+Trxrbda3NOoSFRH1Wn8M0slHo0nhaSSueST6wcltwPBvGTSvkt2/VOG3n27trJ96KbdYh1QT+eST6gDLqQVx6ESB2s7e5532dsD7CrUh/AG+Cb/wBmzhuadQkKiPqtP4bjPcCzhtodJnKyW7fqnDbz7d21mp2xUeGKncVM4Z29zzvs7YH2FWpD+AN8E3/s2cJHgVpO4yGOrpeIEcEjQZgGtxnuBZw20OkzlONuk1cgKSN8lsY0wI5RWsn+BS81O2KjwxU7ipnDO3ued9nbA+wq1IfwBvgSF0sGtu18w6O68w6PK8w6PK8w6PKy+l1HerrtUE2sM8oGuxUEwUU/MOjyvMOjyvMOjysj8z2W6GUbSyVYqdxUzhnb3PO+ztgfYVakP4A37+KncVM4Z29zzvs7YH2FWpD+AN+/ip3FTOGdvc877O2B9hVpRTwjZe8AXTBuL65G4wrkbjCsycXWa12ZqoJPrZGEkdDIpUQzyNxhXI3GFNTESPkRSCPkqzt7nnfZwdyBbLHCP2q3P3Gtc/ca1z9xrUVy0iPNN1PpeaKRodjRQt9aInanDoQGgANoVmllssZMNJlHrCarz9xrXP3Gtc/ca1lTIaW6nwZUk73NstV/e3j5apzR/HstRL+uAEfx74TQOG4Wq+IkS4P8HbGVtbFNSK0pkbTJa8G44VuAGuDu9OEqP4yTCOnDMFW1OySo3/g7c6vqXf14XCZkjUg71Av6tuRI1MPwQbhL6vqoOw+Z/BwqV9ScmENeGYyTqSkpRs9W2Kka3KCkapXULShQQe4yYuGEuvu/AgZY8A9k0fhJ+ITNdyxepqHl7R1Xl7R1Xl7R1Xl7R1Xl7R1UNwI32ICMGlzyseAZKkP+EkKFxQ2GPbbm3GGulc7UYVztRhXO1GFc7UYVztRhXO1GFc7UYVk3loxllinSKZ/5rGbEK2REkY7rLbC0a7kMpWjbwKtUGaGvVjPh9bIiMMf1yRx5Ox4sWFRMZcRbZFSxzerGxWtWZDNtenLhKVS3qSb4uT+Ko0c2FhNIsYI7pcRZKCmfCYq0NCVuuu2BbXlgW0dxJtBkwJpV5YFtPnbWUiKUIYTkJmqqmq2ppZK2xR7y1lxhZ20bSZMQesbcMrZBQL1LWKcJrXMsqhCvLAtrTbAtqMsBSLoS/GF3i1DiEqjp5rHfCA2+UD+VGEhpE/5D0bdu2f0ocrLPuOpVHHZwCttLo43U/wAYJ8ls8UArtrlxi6MogCwd/YRWrPF2ioL8RlEPOBpBuGNhTIO2+x/Gu0dSuzDfHjZXR0yzJ0k8TDY/Y2VFIyQKF7xxcR3urOGXSRxRz0f7sQgk/VEwSfbwXUs5cuRhoWDyEWNNcr0CWTB0IZrPSapfR/3F1Tbe6CGqVpecrXfixYlYFyKuOVrmTCpPOSr7S3qoFSuBk8CpTqETD2bmNJpcdBBQT59f5GLo90BI+IE+p9Sts/pQ5WWwd1skKWl0eg3hw6BbdtpdHG6x4nDRFk9WbhtqRuTR1k8fLwd/YRWrc1+eIVi4uAvGLAC5jBOMRG00hrzB17/5HLVilpktM5hhtr+UBcO5AqKKeMUuwV7nkanDIpBj/Qvqpyq+DyezjKqkWyWvaL/83TH3KXEV/SxUQD6JKLJtFMbdQOgbHHt0yS6/VK20ujTdZMdwVSi5gQETQSzG2VLnkziykLnBLgzleopbSsTsoB2AoagGDuWkQGb/AN42UecySIj6pjawYyBZ7SbJgqrTO6S557HVFPiXOpmnG+AIsxRODWTplUVoxnbLjddyuTGSMEci0FpFDhFZl7NBi/4qcDSo2VS5FxEzI6rl7Ep4L6RnmQhCrplZJebwFotnrNzWeAKfoj4f5et1Man8U4IMeUXNd5qtw3MhCFTvnc3kxD0KtbCTItnNZoilFacHATVnifOlMGMgWe0myYKq06uImrvI+dKVhvkmyWwybCKnMC2VU3YfNlvTGEWrTwVrU5M8umQamGEHAxlC0oqRthU8XUiAqpLy6ZBqa8ZXGwiwI6nUUYdPR4JWiiUU9vWQixa8XRkx8ory8EkAzTi85WGSCNKcJ4+rz+GHDTFPGpxFHmE2L5rxmcbCLgjKdNfCJ5K6CGrgIaOKoHQioUt4fOxlo9ykoezt5IJIuwdDIbz3C3qSXTAAOXKWSVoxNjmMKO2CdRncWf8AYJdbpNuTjifxYEBSi1MAOuciXHyklg6wGd4xMw8yzcb6cA6epTS3CJKd0YYDcz6cI1ti/JKVPj+yZOtzn4lO4QZ2nKVFnU5Gtwjtzf7W3923BqR+oTlZJdpzlYUdsE6r844ttu101m9zklp3nj5OGesE6txPt7pW2x1wYqfO+CBW5n04RrbF+SUqfH9kydbnPxKdwgztOUqLOpyNbhHbm/2sC8mU5NAtbSiq46xIdPXmxs48mkkmkCNpPwycaeBGifYId+9dwbC+MlKQB0Jnyaxpaaf6H2ex4zYmg6iQlzLURZkMsvk011x/KbbCHNpReOI5TDJ4nHkz2vKcSiwJJLNYrvDDDV5KxsiYo3Do5XCPJtJVEUNun0iCIoInrDYGemTKcqhattO/+B//xABQEQACAQEFAgcLBwkGBQUAAAABAgMRAAQSITETQQUQIjJRU7MwUlRhcZGTsbLR0xQgI0KBocJAQ2JygpKj4uOUoqTBw/AVM2Bz0gYkUFWD/9oACAEDAQk/AO6XhbsyQtLiZSwIVkXDQEalwa13W4Whp/2X/wDOxxGJ2SvThJFftp+U+Ay9rBxdfL7bfkURmvMxoqj72Y6KqjNmNABmbML1cpVUNKikKkpHKjYGpArXZuaBxuVqr87wGXtYOLr5fbb5y4byaPFdSDtZIqVLDPkucikZFXWuYYqrAhgaEHIgjUEdPc02XD7VMjOQTLEDVRCcqKgpjjHKxcsllpgiWa7zKVdGFVYHcR6t4OYzFg03A0zcltWhY6RyHo3I/wBbQ8rX5ngMvawcXXy+23zYc8mu93cabxLMp370jOnOYVoBZK3hai9SoRspZajNANWXMSSA4XNMiQWbuUjQ3iFgyOpoysNCD/voNisPDMK8pdFmUayRjp3ug5vOXk82NZrvMpV0YVVlOoI/3TUZ2DTcDTNyW1aFjpHIejcj/W0PK53H4DL2sHF18vtt8yLlZPd7u403rLKp370jOmTMK0AtLyM0vF4Q67miiYbtzyDXNVNKk90kaG8RMGR1JVlYaEEZg2KxcNRLmMgs6gZyRjQMBnJGNOcvIqEjWa7zKVdGFVZTqCP99IzsGm4Gmbktq0LHSOQ9G5HPO0PK53F4DL2sHF18vttxxcrJ7vd3Gm9ZZVO/fHGdMmYVoBab6LNbxeEPP3GKJh9Tc8g5/NU4Kl+7SNFPEwZHUkMrA1BBGYINisXDUS5jILOoGckY0DAZyRjTnryKhI1mu8ylXRhVWU6gj/fSLXlZ4GUOErWSDFpHIdK0oVNcRQgsBUFrRSyxPd3iAiClsTPGwPLZBTkEHOuYyNrlfafqw/GsCFlkdwDqAzEivjz4pY7xNdHAS7a7NtVllU6g57IZrVSSSy0W0v0OaXi8IefuaKJh9TdJIOfmqnBUv+QSNFPEwZHUkMrA1BBGYINocP8A6gP0ZloNkFp/z1XrDps6YA3LzWkdnaSWRizMxLMzMalmJzJJzJOZPzpNnNHkQc0kQ0xRyLUYkamYyIIDKQwVhG90F4jHypyeVU5NBGw/N99JyWdSFwqMQb/oO7PeBFTHhpycVcNaka0PmtwbN5h77cGzeYe+3Bs3mHvtwbN5h77Xd7u8i4lDUqQDSuRO+ylpJGCqBqWY0AHjJNLcGzeZffbg2bzD324Nm8w99uDZvMPfa4SxwxKWdiBRVGpOe7iuck8BYriWlKilRqNK24Nm8w99uDZvMPfbg2bzD324Nm8w99omhvCUxI2oxAMNK6gg/b3Hvrv6pvm9Q3tm3hMPaL83waX2TxdfL+H5vew9hH3Hvrv6prGkkcUjKdaFVJBoctRvtf8A+DB8O1+yLD8zB0/9vi6hvbNvCYe0XivWxgMCPh2cTcos4Jq6McwBlWmWlr9/Bg+HabbSxz4FOFEouzQ0oiqDmSakE+O3g0vsni6+X8NpNleYlTC1FalZUU5MCpyJGYNr9/Bg+Ha+Y7vNKFddlCKgg5VWMEfYQeLvYewj7j3139U1uol9huLvh6+LqG9s28Jh7ReLwWP25OLwo9lHbwaX2TxdfL+G3ex9tHxdevqPF3sPYR9x767+qa3US+w3F3w9fFdRPJEpVSXkWik1IojqDnvIJtcFWWJldTtJsmUgqc5KGhAyNQd44vBY/bk4vCj2Udk2kEylHWpFVIoRUEEVG8EG3By+km+JaLY3fEWw4mblNqauzH7K0G63ex9tHxdevqPF3sPYR9x767+qa3US+w3FoCD99jePRfzWN49F/NY3j0X81jePRfzWLmEQInLXCcSs5OVTlyhxGXaST4xgTEMOBVzNRnUGxvHov5rG8ei/msbx6L+axm28wQLijoOTIjGpxGmSni69fUeLvYewj7j3139U1uol9hu79evqPF3sPYR9x767+qa3US+w3d+vX1Hi72HsI+499d/VNYVjkUqw0qGFCKjPQ7rXD+NP8S1w/jT/ABLXD+NP8S112M6TRgttJW5DYgRR3YalTWlcte4XLFO0MZc7WYVcoCxoJABU1yAAG4WuH8af4lrh/Gn+Ja57O8QtiRtrMaEb6NIQftBHF3sPYR9xkaMzmEphRnrg2mLmg05w1teJPQye614k9DJ7rXiT0Mnus5eFXKElSpxKASKHPRgfttqio4/YkRj9wPz9ZHVf3iB/nbRQAPILSsksiYwFRm5NStSVBpmp81rxJ6GT3WvEnoZPda8Sehk91mL3eQRhSVKnkxIpyNCMwe6/UnV/30A/07avdZqeXZsR94Hz9GvMNfIHDH7geL8zBEnnxP8Aj/ITz44n/cZh+O2jqVPkIpbnKSD5QafO0jMjn9mJyPvpxGuGQJ+4ip+H8hOU12kX7QyP6lPEKbO8zAeQSNT7vnDKG7SH7S0a+oniNdpeZm+wyMR935Do5kQ/tROB99OIUDSK/wC/Gj+s/OHMSJK/rM7H2BbSNWY/sgn/ACtqxJPlOf5Dot6hr5C6g/cTxLKZ3Cg4XwjkigyprSnmsk/pT7rJP6U+6yT+lPusk/pT7rJP6U+6wcCcqWxtiPJBApkKDM+e2q3WanlKMB95H5FrGysP2SD/AJW4QHop/hW4QHop/hW4QHop/hW4QHop/hW4QHop/hW4QHop/hW4QHop/hW4QHop/hWvglvUyqqqI5VqDIuLNkVclxHM+L/pu+fJtjLs8Oyx15KtWu0SmtKUPltJtfk74ceHDiyBrhq1NdKm3CBXHdtvs9jWnIL4cW1Hkrh8dLX35NspjHh2WOtEVq12iU51KUOmtpNvBKmKOXDgxUydSuJqMp1GI5FTvoL58mMMmDDssdeSGrXaJTWlKHy2veAXUOdrs64sBQczGKVxd8aU324RP/vYpHWTY0oyVIXDtc8QBzxDPKhteflUV4xgts8GFlwkCmN64gajTQ2bA14kC4qVwrqzUqK4VBNKitNRbhEyyX28xwKuxw0DnlP/AM1q4cuTlUkZi3Cp/s/9a3Cv+H/rWvlRJHj22y0+iaSmDaZ82lce+vitwr/h/wCta+i9XhBURGLZ46agNtGGKnNBFCciRraF3vbvgEdKNiGoINMOGhxFqBQCWIANuEwkxUFlWHEqtvAYyqWA6cK16BbhSuzRmp8npXCCaV22+lr98mwzNHh2WOuFUatdomuOlKbtbX7Zf8NnEWLY4tpUuMVNoMPM0q2uuVuFf8P/AFrcK/4f+tbhQrR3jdTACUeNirKSJh0Bh+iwNhhmgdkYeNTSo6QdQd4INr18kjZysY2WPGq5F640oMVVGtSp0yrwh9BtNkbxsxTa4TkE2mY2tI64xnVtNfCf9NLdcfZW3/1v+ibeFt2UVmVp42YwtphmjLIyEnMAkNG4OhzpVRZSskd4UMDkQQlCCNxBFDbvJvbitzruuPyhZQSPtFQfLajm7lLwh6VGTEeLZuzfYLCqXSGgPQ8pwj+4JPPY1S6SQEj9OWVCf7ioftsXF+2qcxkU4M8WbkCmlRWzzrHGpZjtrvkqgknn1NANBmd2dpmnnKygs1K0WCQAZAaWlliMhmx7MVrQR4a5HSrU+2zyyBJEEbSLQ5qcYBoKgcnLOlfHbCGN2XDoCSVuxanjpUmm6pNpSLqkfLRHRXL4jU0emIYcNAGJrWgzzvF7gxgqRImEMCKGhKgEEbwfJbwuTs4bXp7uJb1IWw05RV2pWoOlT57TteJUvJUM1KhdnGaZAZVJP22v8scMV4kVVBFFAagAqNBaSsPCLVqd14+qf/0zQ9LYNwsvKvrrd5TTJWHMkbxbMMGPRGo1NuRKEEF3G/FhpjPTgUFyd7UB51icVa1rnXWtda1328J/00sKHbV86qR5xmLAg/8ADdDl+YNvC27KKzUu96vs7RE/Vm2jVXxCQafphQM2NjT5c0butMg6KVLD9cULfpAnfbvJvbit1D+3Y4voXusm/JQYx54yp+2wpNNeJcROXJiYxD7Ko7DxNXSxqs1/jK/qCVVT+4FtCszbVEwsSoo1c6gHotwfGomjdKiRssSla83dWtuibsJLLKwvJYLs1VqYMOItVly5Q0qdcrIt4lSHaRjPCwoDiyzYBCXCihamEEVra8P8v2m02teVi9WGnJw0w4eTTDla6RXle+QmJ/KeepPiCraBhdL6jVR6YhhYrUEVAIZcSMPEctLaC+SjzRxW8Kl9s28LbsoreEy+0bEqykEEZEEZgg7iDYUmIKSdBkTksR4m5w6K03WqLtcC0KD9IGkr+VmFP1VXx8Q2nBs7AyKBykbTaJ0kDJl+sBlQgWvcTsd7QSk08pitJtnvCFZJcLKsaGoKoHVSXYfWpRFOVWPIvQgle8FwCkjVUxxrWqIw1UjWuVpMUcl5eSNxVTm2JWFQGB3jIEWvQu9+C4ZF2chBZcsQKIwo/OpXKpG615CXCdZQkmFyGLNGRyQpYVCnVRpacTpHEysQrrQlqgctVOnRafYQuySRkq7AtQq4oisRkEP2G18El7eJ1jURyrynGGtWRQMNS2ZGlmwxRXiJ2OZoqyKSaCpNACcgTa+xypWtGhlYVGhoYiKjcbS3b+zP8G0yJwWkRBdY3VQxgdOYEDc4gc37rXkTmEzY6K64cQiw89VrXCdK6Z2vGxe7HDGSrvjibMLyFbmGq505JUDQ2vEUnBs4RruWidgKlmZMJjJXAThzGagGtdJbt/Zn+DaRZry4wqwRlSBQKYsLqtW7xQCopVsgFa9iG8NeXehSRiVKRgGqowzKnfXKz44JrxI6NQiqsxINCARUdIBtehBM94LgFJGqpjjWtURhqpGtcrPtIJp3ZGoRVSxINCARXxgHivghvAlkYqUkbJjkaqjDPy2bHDNeZnRqEVVpGKmhAIqCDQgHp+dHjlbMk5KijVnb6qjp1JIABYgFrt6Rvh2jALjEjqSyON+FqDNTkwIBGRpQgloBBPiw4nYNyWKGoCEDNTv0s129I3w7GIrOzKuzYsaqATWqrlnlrxJHHAxoplYoXpqygK1VByqaAnStDQQSFFJwrISzU3KCgBJ3AkeWwCXmV8AElVCsK1DZEilDXKtcqWMJSZyi7NyxqBizqq5U8ZsYw0AUttGK5MSBSitXQ1rSzRfLZQCCGOzzQvm2GugNeSc9K2MRWdmVdmxY1UAmtVWgzy14mu/yeWLairsGw0JoRgIrQdJHj1tTaTOqLXIVYhRU9FTnZoDCrqnIdmarVoQCi5ZZ518Xco1WaaWTG1OU2E0UE60UaDQVJpUmsV22EUzqFKOThViAC2MZkDM0GegGlolZkiWVK5lHqtCpyINCQSKVBIORIt3svby2S60BP5t/iWWFVgZmXZqymrAA1q7ZZZUAsoeKS8QqynQq0igg+UEi0ce0EkcSBhyFUg6KpXQLQAEAV6BQpCFSEyKY1ZSCropBqzAg467qU8do1R5wGkIFMbAyLiO6tAATqaCtvCG7M26uL2nt3i9hJbrZfZXi8C/AbeEw9otuvi9Z7l1svtW6+X22t4Mn4Ld7L28tpGqD1D/+Njigmmd0NCKqTkaGhHkNvCoO1S3hMXqe3gj9rDbvPxS28Ibszbq4vae3eL2Elutl9leLwL8Bt4TD2i26+L1nuVIgzs0Mn1SzZmN66EnmNoeaaGmK73dppHLsdswBYmpOESBaE6rhwnOozNsM086gSEHkRJkQBTIuQBQDJRmc6C00asBLUFlBH00h0J6LdJ9fEAZIJEkUHQlGDAGlDSozzGVlTZkgSwyPhaOQZijAqSN6upGJag0OJQILt9Gdo+0LnAvKIGJ3NKgGiirEDIkC0AENxIWJWrV0BJJenNLYjQCuDLnEGoilgLV2crBXjkAzBzBBFaVBoymuYNhBdoqBpCjYmbDkqjlMxNTRVGVT4ybIIIixVQToixOFxE5YjqaZVNB0nYzrCSUBlK0JFDzHWtR01FrvCJ47vKyETuSHWNipAMpBIIGVDXothhvN2jwoSaJLGPLkHUc5Tkw5S/WC3e6rNG+NTjrRgaghS5XI5gUoDSgFBakqxuGml3BlrRE6aE8ttPqipqR/8B//2Q==" data-filename="yo.jpg" style="width: 79.2857px; height: 111px;"></div><div style="line-height: 18.5714px; float: left; margin-left: 5px;">Thang Luu (Mr), development project manager<br>Pingjang Li<span style="line-height: 18.5714px;">&nbsp;(Mr), developer</span><br>Junjie Zhou (Mr), developer<br>Toni Anatalo (Mr), technical advisor<br></div><div style="line-height: 18.5714px; clear: both;"></div><p style="line-height: 18.5714px;"></p><p><b style="line-height: 18.5714px;">From&nbsp;<span style="line-height: 18.5714px;">Urban Planning division, Oulu city:</span></b><br style="line-height: 18.5714px;"></p><div style="line-height: 18.5714px; float: left;"><img src="data:image/jpeg;base64,/9j/4AAQSkZJRgABAQAAAQABAAD/2wCEAAQDAwMDAwQDAwQGBAMEBgcFBAQFBwgGBgcGBggKCAkJCQkICgoMDAwMDAoMDA0NDAwRERERERQUFBQUFBQUFBQBBAUFCAcIDwoKDxQODg4UFBQUFBQUFBQUFBQUFBQUFBQUFBQUFBQUFBQUFBQUFBQUFBQUFBQUFBQUFBQUFBQUFP/CABEIADsBkAMBEQACEQEDEQH/xAAdAAABBQEBAQEAAAAAAAAAAAAHAAUGCAkEAQMC/9oACAEBAAAAAL/eRyAyWee/GJSnqbuJ+jrr2qL9z15E5akvlwOjE4dq5epcfYm5xTOB4L9yUcej806q7YoQSTQwb5gaXGeqgi0Ix4vNaHzKI2XyZ8g9lElTeOzMRmWQzX2HyGJ97RPy231FZfx7+p3agPZmaiFHiyksue8w9KzPVIT6C493ls+spDXfBgyL2TSVc3CEfGUuU+bo40Szpic5JIOBkvsm21jarSV8qVrx6s8IjejMLSsz1SE+guPd5bPrKQ13wYMi9k0kkPR6S4j9upt45T8Od5IVYRzZcmoBhc7wGkGvff5mt13LzB0nNdTBjoDj3eWz6ymMt847kpsckkgTGDAN++Lzp3Bz6TvkWK8iEu2H+dUoZYyb5Y2bucHs29Hijkjce3+eBhtlj3c+xrpnvFNQa8VR07SSF00a5F8ONgk/V8e9l6HkWVu8lPEyOVxe2DU8jHXaw2IDVY65tdTrz9bPybD3Sxr6bnz9JfmvbrzjQqDUlDElDAxCIpGyvLHDODyQWXlySSSSSSSSSSSSS4qeOkg5SEAim9wT8z0cuFqfPWeujjYv7r//xAAbAQEBAQEAAwEAAAAAAAAAAAAAAQIGAwQFB//aAAgBAhAAAAAWAAAAAAHs9f8AXz8LksLYS3KprJUayAAB5v0r2qnx/wA9tkai5VN4KjWQAAOs675nC+fvvY/Pvj3JbLlU3gqNZAAA777nB/Bdj1PIcrcmouSzeCo1kAADtel5rir+ifV4jnNSNSakqbzFS3IAAHQd0+f5fb8H5j4lIURVkpAAAHae59TzPS4T5oAAAAAAB7Pb+DiMv//EABwBAQACAwEBAQAAAAAAAAAAAAABBwQFBgMCCP/aAAgBAxAAAAAAAAAAABr6u5f17KzfUAAAASAAjFoDW/Mz1V4SAAAASCEhCs6w6C5MOlcG8OrAAAABMSiUShSnH3P2iq64tGygAAAAlEgEVJX9gW38UXzdv94AAAAAADh6cje42szf0LkgAAACSYAIqXV87iRt7n3wAAAASBEolBr6hzLd9X//xAA0EAABBAAFAgMHAwMFAAAAAAADAQIEBQAGERITEBQVITUWICMxMjM0IiRBJUNUQEJEUVL/2gAIAQEAAQwC6SrCFCTWXIYHC5qoU/5eI13UzF2x5Y3P6Oc1jVe9Uazxer/zQ4GQZWIQTkezBjgjs5DkaIYJsOS5WR5Ayuw6wgMcrXyhNcIwjN3he0jOhLKvC9RllCYQEyLK17YzC9fFK3ds7sO73HOaxqueqNaGTHka8BmF6TJkaBHdKmE4o4ijOJhxLuF0aQbnKxr0V/QhRBbvM9o29FOFpmx1enP0kygxB8h3bWyb2SRdI6IFjpkx/wBUgi4ZPnD82yH4iX7kXbMb5MewjUeNdzOmYs1PGR0Cqdo+JBnW0nZHa40hmRJG3UkxjX22Xp9SnIbaWNS5ol1rmhlKsiCEwziaYLkeLMvoU7Gif9Yyp6DE6Z6/AipjJKJ4w/odE7g3l55G9MP1uUTxed5YyL6hK6S/xTYEiaj8vdsmOzDmnwSQ9yVdhWxKPM1MtQnA6qtLN0u/WVK5o1jOnTckx3zi8smTJsouZaqpjydIVNYzpuYbgBC6wbh7ylg1THqNDwaeojusWQxjUxLmNHiyyzP3O6wn2M+KGWsWK2fNlR6xCOYpg9z4xaTSTFSIeTcpU+Nd0gys+JmUjv4wczI4nmJ5MlSizDKYvTVE61dgsIux6/tcZmsXVtUR410kfJMUFYyrrRC0+PgomGG4RG7h2cJa6wkQv4yRYu1LVEX9OZfQpvTKnoMXpnv8KJjJPrD+hvvmxkb00/W59XnYyL6jK6TvwpOA/wBv3bbLciRZJc1Uzs59Xlx8ecttayln2fslOaWwFHseKtLlGcSohwO+Zzz8vWJrGLawp7QzqLL8mnmyzumc8ezryTFjyIpUBO7KwnR5Ma2KLhdW3R2xe5kx1WCO2K+wNCKIQ/BXR/DEhFRGgrJAzz2FIx9e6nuHQwwVlA4gQZYLWRN5BujYzCddBRk6V8B08u3XaEMGJHbtGJuJVXDkt+hGEkRyRTOAX6sUx1PBajvqz45dsBn8RGoSXHYvy65zYjbrcnzy09R3sLbjMvoU7plT0GL0z3+FExkn1h/Q33zYyN6afrc+rzsZF9RldJ34UnAf7fvybRRyVhQ4z5kuzt3yKsBIKGY+OxsGve/4rEp7gkqtIWc1GTg25WxIDXCWVa+PR2QpMuQIgSTLiaFIqDgEQpZ83xrYEBS4bdxew717HsVl1tdIFNjPin8dakVswkQzI8azcWYsGTFfFPi8VVsF6ULUSBqnz6Ziam+O/wD3Yy79EhMZ5jq+FGlJhhFERhU+YSsOJhh+bOmazoe8Pt80yjGU90Mmn6MyedFO6ZTVFoovTPa/tIbcZJaq2xndDffNjI3pp+t15XE7XGRlTxKSnSwVGwJSr8gNVXCanz94chaufZdxHORWRTCJUx5SIyTdoZ1RMZHYpDX9dJZG7isZvOv9JtnHKEj4j4k2R+6JHexbVzhWlXIcIj48ERvFbSSRqtGkeW6uiSXBkMLJA09bZEhDlSZlkAhZNSAY1UCoT2kQjxv4sZgFpIEb+MUk5gVWKVdGYVUaiucujbSYk2TuZ9nFALbEcVcTogp8UsQ3250GRXSnxJKfrytmMIBNrJ79jWuRybm+aXeYItUFzWvQk5VIUiqupDZap1qoSqb8yZHSXENFd8iCIAjwGTaXJNkJBEqyu2lVdPNflm20FYTmBjO3x8kQXDjHsCJp0N982MmSo0etMhzjEviVf/lhwKQCRqoCsKmboTotu8+nwqCe2ttQyCroBrmuajmrubm22FGryQWuRZeW4Lp9uBNPhe6S6TeZsWHImMJMihGwsgzQMkJAaUFnJK1mEMFzORpGqMUqMd7hhMwhDzokdVYUzGmi2JJIIBOJEI+ZEG9oyHG15jgjs5JBGiH3UbZy8zOLe1FaiuTWPJ52lI5EaIMuLJ845xlTF84aQka5NX9A2U4CbRmXaeZKleRyq5uI4CSjNAL6giYATAj+jFnUwrYXFLZriZkmxEq9o9kkTctZkYm1gHtaDJ10V3xGMjpT5Zg1K835EvpeZZj2y9wJ3BNJlG+G7Rgmkw+gzUVuwrSvZW5JM5yPtHowQxsExoxtRrMHybcLIKo+Fw/Yu6X5tBj2Kuf/ACDGWKG0qJhSSeJI9jWxbSOsaU3VszJdoFy9qrJIh5fzUFvGFhRsj5OuZBdZO0Daqpi1EfgjJqvuKqImq+SSmS6JO7hSENArwgm2FpKmMaQ0WNFNeHC8TeDiASoMEbW9scAWX9ekUTWP2RfY89gVrDTOAaXteHRNyAi+yEqaSOxxxAZJvXhmaFwUAH0lpsGzimaHvq0A/nGYw1fVR3tRkMQI6ZmVQDY3pcc8uYgQDcRo6Se/zVrR4MA0Z2w7FGvSLCkzF0Cz9MCvFBHo39Rf9Yb7T/pxS9t38Pi8O333b+Jm5ew33nB3kbm7PFdxbR6eHazuPx6v3dtvN226b6XyD4fEaz8PWTs9lvPs+O17f+n8nZbQ8XhFt6ZjLnFtl8PbbG8Hs4707ip+DxUWzsfck/ZX7eCcO5d3YYjcfImzsMM+lPl1/8QARRAAAgADBQQEDAMECgMAAAAAAQIAAxEEEhMhMRAiQVEyYYGyBRQgQlJxcpGhscHRI2LCM1OCkhUkNENEY3Oi4vFAg/D/2gAIAQEADT8C2fnah90dSTD+mPRJut7mptXMscgI/wBRYbNWXMHZpec3R8YGZCMGNOzYMiC61+cekhvD4bV6Ss6giF6Vxg1PdtrSl9dfJGpOQga3GDfLYlLznrNOETFDo3NWzG1ekoOY21C3mNBVsgM9rguicSq0qfjt4cyeqOZ3m+0e1T5R1m8PjH71PqPtDZgjau7OtOtDyT7wc3mudOtmMclQkfOP38vQHrB0jiDm6eyfpDi8jDQgxh/XZvd87DP/AEGMBu8uzEfvGMc91duO/wA4wR3tmG3yio8mxS8WbKU0xHy1/mEWl7s6SpJFyoB15gmPBwcSt1QAwvHlwpSLbaQqmgG6CeVPRh5SmZICjoyga1NONIshEuVLoKBvXrwMW6Y2M65NgylvMAeF7IViwo8xWli6+S6VGteuLXOkymsolrhIJzCoHnVUVzJiy4SqZaKzl3S8c3rlmOENbWstpGGCswSC9XFdOhXLjFjuI0u4pFxZeIVrwpe7YnYbSLEEVpSrPYKoJO8WzzNdeEWaxIvbOmE/o2IKmPMXgo8lzvj0T6X32TfwZR5FuPYNjgTJ7cS5+2mxxddToQYlNuE8VOa/CP20j9Q+sYf1Gze752Y36DGA3eXZiP3jGOe6u3Hf5xgjvbMJ+7GXk0CvVbytTL5RS6jkXUlj8ojwgzPNlhKzKmuVeWedNRFinGbKa5uBeA7Nc4lSRImzHl3gdasB110i07xUrvl69Jj79Isjl5ExlvrvC6ysMsiInymlYdmUil7zrzk5xYpizJdJbUmFQVq+9kaGtBxi02uaL05GZ1w6Sry5ivR0MeD2e9igsXxRR2yI3sye2LczzGFDi1mKEu10oAIsbSms7YbVmYBBUTc+rO7FqSXiLQ4gaUKZZ0px2H8RuzTYn7R/oI5kVPvMcJiZGF48COeyV+GezT4RWa3aLv3hpssHtYeQ8lCewkQzMp9RUxh/UbN7vnZjfoMYDd5dmI/eMY57q7cd/nGCO9swn7sZeWiiZNRCqqitpeZiBU8BFotKWWai0Schv3XTM5NlSsBWmlZz4rJlpUk/OLKl+0oNLrLfRx1MPrFrkidgSqLlQEsxY0Vc6RY3Eu02c0LqzUpShoQbwIpFptGGqMUrhqC9elqQNDpC2JXayBlCiZMmec1aVAXKMTxc2alZuOGu4YA1NeuLPJNquMVe9JXUhlNPWImtKSzdG/NxuS1r74KGdKvFWDoDQ5qTmKjLYEWnx2M7E/LaQyn1Cmy8vyiTMKt6pg+4ES2D/wAprExQ6nqbPbJCyu0Cp+cWdWmMesi6PnGH9dgvj/edmKT7lP3hZBr2sNmI/eMY57q7cZ4Mj5MNglP3TBKL2k+XaZiz7PMkyzMxFw1S5loQV86kWq2z/CE+WDUKbrvdr1XlETJTS0RczV936wJBsM6UuryJm770O8O2JtllSJM2UjTbpklqqQtSK3gRHhDwhZ5jSfOl2az0oX5VuVPKsSseplIZn4jKFUG7zq2cOZEuSTxWXLrl2sYs1tnT7aktaTvxcTeQEG9S8NNRE+Wtn8YtCkOyOaXUBC7q1JNFiXaMWY4GSiVKa7XtIgWS5KmBSUvNMq9W4dFdjrd7V/72Oay24XuWwakwguy+vmdk18vUuUTVunq6+yE0bgy8GEL/AGae3Rp6J+kHQiCKS5IzoebcgImtnxZnaLRvTvy8l7InIye8RLJR16xAYzJNfODageqOcWUEXxmpdtafKLQbkr2E49p2Yj94w04kB3Cml1ecf6i/eBqUYNT3RaxiIfzAUYQay5p5K/Hsg5gjMRaRcuDVUOpPyiQcaaeFF0+PlWclJ0yQFuhl1UXmF4jjSH6OKRL70SVZZU1nCp+LSvVwjLeBFM9Il9NUYMV9dIulhKLAOQOQi2IJsyXiCstGW9WhzbllDmiKzgEnTKPTchR7zGW/eF3PTOG6I5wjEJMDq4ZAOllp6o0/DYNp6tjOMP1/9beAbe+cejovuGxuPIc4QUGwdCYuTr6jHBW3H+3xjkJyAd+OLO4buVj98/m+yOG2lL+qt7Q+sDR5cxR3ipj0WtCkd+B/h5RqT62+0ILqqNABsZ2ZWLkZE10pHt/8Y9v/AIxNl3WCNU3gcuA641Vh0lbmDHDO4/xy+Meik9VHuvwTvzHYTGP8pPxMHOZNbpMf/uHkiJ08f1CYu9etMzPCcdbVoQYkzvFpazADhyVRTlXS9Uk848HyJIsMmguKJ14s6jsC1jwp4WuAL0TLE8DKnVLiTZ7RMmXAFqm4qjLrMW2SzzZzAFmnzsgP4SaAcIsNimNf47xWWufY0W0Tpt4irGZPmHD+YpFgssnxdHzF6YWvzKHjugVi2+EcOVQC5TFSRUe4xZFnWmd+VWXCX31PujwnbZ06euisv4kxE9RouUWexANcAGc2ZlWnUmySOAyvNH5j9o69Ow7eMw5KIbpzDx/826en0e3qjevXPGOX+Hxd33cIw0u42Pf/APfh7t3lejAN2/jYuv8Alf3XtR/SArg4uHeuN+zrlierd1i49y/f8Z/hu7t32ovTsS/4xg07t/nczjxM4dMXGpQ9H8nt5xgJ0r/idMtKb1PR41jxfcveMYnZh54fO9F78S7i+KfxfS5xi+P2OLi9H+9xd71dUeMb1MbxfXzPPvejdjDe5g43jNK+ff8A1Z8vI/zehH5cX9MdeJX/AHR1abf/xAApEAEAAQMDAgcAAwEBAAAAAAABEQAhMUFRYRBxIIGRobHB8NHh8TBA/9oACAEBAAE/Iakrg0gE7ZPpSUJeRPUhRNwxMvUe3U/aSoA1Vr8p90KkpIE6idLoYIWRwTChxPB5uhdECXDQTRGgd5kCSmbyOtq/Cpci2por4Lw3k9JjNTx813DPhMKcrgOVryJHHeT0HZYsoRCwW6mlW3ZEkCS97j1w6sB7gY6zgkApq4hdWA1epnmrkR2CHVIXAM7AatLtGQF+nvVw84fRTpZNPaJ0AO7TH5/hRvQS0idGgsoR3Dma0mHdimdy2ELuEfO1M/2yGj4oeciCaVjM7sc1NzsTj7pk5+VBtUnOAaxvyyuNXoAnbou9JNTikihD0B6oU6t2ggJjFp1rnC6tCEVj6vT8XfWOI2eTwwEpbzB4djgGMzTopKolVyxIDaSazBIBi3ErMy0pR9VsMQRnZWLNM24hPbTFOijLZULAlzNHy5ezM9ClZYFoQzy2EmwYLZ3vRCy5hxONwWYxs6aAqVIMMN3JT2TzC+E1xFoVOeLmMYRXyVL6sFD7bgxbFgWAcFBOux4f+x6JXdHXscuCmB49En269HIQ70I3GegzyCE0ULkmKnDU1QWfILWwTxlWu0GiGU7YOhbngpsSUsFY2kUj5iautgRdLwfFz1eFg33X/gkMDJj8Lb0/B3Vn3fM8Oj77sLvYIiMGtZksJCT0VNMtr0x4wS0qbbSgoNirlwPfDDMsspTMNHsMRBBIxMt1sUuttjLlz7iLLzUkMzCLJ0uhhEslMaNNrEXgjQiO9Gvmv/UYAsdlPOxBGJGEyZCDuUTIAMy6W43WJVqjndXmZS0QxNI/NRCEmJZqKaYqK0BTWkeTLdeXoJeCY7lnul8ujWSIhm+OR9qODbzPvI0qnSoE8xZ864jIZGB36OJLKOU/mFbgUHCT5V7Z/QnwfMoH4ApY+wn8IBvu/wDwSGBkx+Ft6fk7qz7vr45kASlCLELDKhNi9QNVApeoL44GZ1pVqd+PNvkIxIocHcnyYdT3BpUJafiRkAEyW7YmkKxeWc4EQVzm1XJ4r7QYD0JqnkImEMqu0KBBZvFKhqoDPIQuEQi8xRQX2tMEqQkJESaVflnRNaQxRtBS5Udap+7Agki36EDg3mV0DZseR+h1GX5kB89G7IT1/pRQydpKliDF5H0pAOUAIdR9XW/ImFFyW3z5CqCAL/QdBYbpO50RNem7CoaMeyH48WBkENj8zRtbIP5a9LIabRif52B44f1g4XQosshDNRSylWaDN4dygG8DKOBxdQN5NpHgga7sI1qMhZnPiYFCIYijVh7JAUWRWCWQM08jlER2BSECtRjM1wTR3EbuVfnZ1ELSdMbkURuRLhoMsQHLohDU4viaSQ5rVI3BERZRAOZ6MWXreSfjovvq1grK75Oeh8CSiADdrdurunzdOOjFIkew+80JcuQynA5VymTmIIleRfaiJWiIk19I1NotQNC+RInCU4qi4uH5G7pV7MkJSabqtGiTEd4BbeDflayyVXS1NJBfLI8NCQFbiy5CiY2agKALqsBQsZVZMTWoQS3qyhKuWaexPbrgSFWyAJhG3R8ckMFCd5NWbCaGN3lh869HIWEu6HtRJhy8g4RKuZzKfItJZvNXbQ6Ytr3iHiOwKK1KnABb2zah7WKnJJi4vuVbAd0dYolDFb+GVjymLyRViXjtYsSnnQ9YFYFusuNqthxhciwuRYpMPCl2QFlZtBSMvQZbcXArdtZ7tIvpvSIieZJgTbe16jJ+yab3qkle1HXSZXe5LnE9O8CSBdfcdM2cUDithhO2XvRGq2PsHv0Ea/fRrrtQAQI+DpcPXsk7/MYabtdS1zN/or/OhcFIvNbs+im92gKnRADd967z1V7XMMwcWgZonJUmAmpANaYosPyNY79zYPS0B+NG0YPAUAHRh1JCuEyw33pvEPLp/taXDiGaS4qTu/RjeSa7BbvPPjpwEm3sK5go5MgkPYqdxZhOZeDQWPCiTIVsAUiTXCUCKxlQkZqC8/COxxJr6UujN80qmW0YCNaxQBoJHgXxR9Edh5WyS8TqVKzkkgmcyA2iCo1mBAsOcIon4ajCqlvI22tYgUEYUfgF51AUlV87aMwmtWSMMbWvfEcqC0owfXjHmwIoTK7hLfuSxOj0tizZnIb4sRrQcIiQnfSdbRZ1PYeixm1AVf7K17FJtsS/A2Nj/wBv5nt/txXylHLvN+bSvzcr8gcVvPyVD9WTX7OY2kxobq/CEn9Fxev5IGXj++YrAe4mrrW+ZMXqy3zuX8SaGtXdV9pP1vnWH0PLNesf267NXWeremn88fjP9U2tW63dsnl+7Dwfq+qt+p/eFfsTxX0Y/q46/wD/xAApEAEBAAIBBAEEAgIDAQAAAAABEQAhMRBBUWFxIIGR8KGxMNFAweHx/9oACAEBAAE/EM2S4FFIImPFH8WEbAKw35f8skVfeh4AlfWKWdHyhElVQAA5XBy8POMBn+IpLonw9EZojyrEKzRm0hXoJSELq5dXGG25fsARPDiIVSYsA1B531UI4kQWGqjw5Ca9H7CEAzS9EBVA2rxgYm4B0mad97fSmYBwLlQAfOdn27n8cJffST3CWg6BEJggBkABCEEDsvVXmxvrNxfu6h0FjwTII3OQDeUsu3YdEPvl1AjymvvqFQPhtQu09ffWbRoDC4rb8IfLHWg7BvsIGdwjFh8gcUeUFw+2+nlWAa8HLdxOiSQvrBW6qAEFVG3ZpsXNxQcib0wvyuxwEkFnjOzr84W+yKnDWCrxSnUOMrwTS8O0uatOQ6ySisxqD7/jAKtixPI3MIBaa2GcPsc7AgB2DoUNfeUWmuMH3yYA/YyYD5BqK1VzWmVDwW8OC8vRxyoEUVduVwXJQgBvoRv7bTn15FHYkbHm19PfGRMi4UEPwBylnri6jkoBhERxsgHCxNJRcpz3ycWAwfRhT5ZeICOLfZk4h7ZTTt4GYKXkecKnwst10SSxdxCrBXz35jQgoWy48sSEETonQWtSYdmsh26VBnYdQ57gHojjQmXENBkY0UBPBsK4gcIDEiSjL056Sg4VFLLeyj5W9KkyJtBoDuiB5cjkWlap17vzPU6d4zyD+8FiHkb0TmgFahAex4HJvkxAIKKJsRyBswQhH3oJ7MzzDDXIH3yq4cQNEIdLzFh6vK5DBJZiA0D5HNgZ5UT7Yo7jgGDJJxBeSENb6yv4f+GOzn4/+18uoRIwxIJz9TUf0COg0i6UDmSAqvAsMaQJdwHQIUnLhadNGCBWAKC3LcnlkAJoqdwtGM1FS4nx2JRITJMERvmhpgAW4EycRAjRFhB2IpGdUEdskBDrJ5fBwraCJZKHdK2wEphVUKG9BA5RMkGxZURIgEcxEMLb8y9Nn0M3o1NzVvmnqQC5RGiqJjqQ76qfKUON9GGL8kZ/FfYdJGGNH3qmp28N+DIg80CZzQL84AzT4MiADeQYWRUfJe3sO3Zp2xBESjpH3i23aWAtwFM74b2V9j8+DfTt7/x44Wt6ney13Br7weqM2bZT8g9cv4f+GLzn4/8AtfL6Akn9r5+s170P2zQuxCNjVPPW5zORK8EEKZCPNHUi2LFjHGLOiETJs4PGTQ+2VYWBbWuCrBZyuu+5BDLWGuzyXBjVHGlRAx8qxPJz1abgri1l9da3pmLuUBRAEXmUCN8qiqubhKv6FcrfSBMLM4cz7mNtAinTvhieEJ93pGbyK0Q/A9Zee0FPwlfno9zq3iqP9MnXkRUIHXBA/OblA82qbiRxqiCpT09FmTXpCTUdeLPjIbMLuBDxX8Jx4TVh4S/gMN7OHCIIqdqA/np2odXdJ/TLFzfDW/sw+j8fcGaDT1U/I4qeNVLtAfZgjs3jHCsWEO9hPvBN0dn3+t0MVXFJinQAMqGPNAViEuF02NTGlRn3TDelPAXFaUMgrjcZogjB0tT+AXKqGBZVAXXfc1hWHGIa/wAmksIBTaYrvAd8d4a53MYBV44xAJvvmZXzFTz5kpmqqjhzcAhaD1tDzi7JM64wJypHi4ekeHvVSPyn46C/tyAxZ41K+RynR4Qjm8KkAMQurkiS6B4HPgHv0fYqU5IE+RlLw3LuPWB7jENsrC6EJGd8rTsxxxtsNRPNL7QiFEXQEcNKETEraJQQoe6D4B4u3AAo1Ab0YMOo0MCB3CxRz2kxvw2BCYqeFuATOGKAfxT0ma5sUOrMNKN7OzgkDqsDaq9jI6VUThehyNNTWM1QQRVDTaQff1/SCHOotiKp8dNAOTbhgCkUNXOBDZaoLiGHwMfReFkURuC3ywVMBga0AidzNH098JpYFF2tOHASpz6kq4pA9L2+rRiObkFf8Dcm2HeafEVyEj5DJ8wbZtFYXvFnOaxwtVBaVo5G6TnFmRtgGHDRNDeM/s2fUAkfGJK44QxAnoq1gOTFuQxlwbgt1zhp5NngIhe28GJXuUSM9hR39MbgoBKjCtgKnbeOg9+MVINMsbPOcFKlpFG8Ap2vQpADeVfbAIe+iAQFaR2YlKMBJ2RQY3wkjtHCgGfLopB4DQfjj8sO+eUjORlfK8vvIPOC7QjHeQig8Je4Yp+0BPtD+w0ZUJEZd4jMv+aep3RBONHzjDhJTAgClmml9NdHJxMIEPAIrwgDyazcx/7Gi+IDA69soryw/ccc5SSGuIJ8JbNA5wv7YjodoAIY+sXYSgyWkEIIxiFcKX+elzp7QHdYDQ0rwzHxIHQhBwwNcRNImKt0szuw8r2J6zsNEHTvRB9sefJyhU2uLSQ5zGChDg1DjdX6AHiVgBVV0AZ2KcObROVBymR3ZE7wmHnw7CJYgiMWxKCHhoLJQ+xcc4WN12zGZYPRBihj0KHfBm251ERCbTSAmCO+S1GxdiFnOINftgiaNpCATe82RrMLsEX6zTVUDTjSDiyR2SVN5xebsKGBBXtUbgwRpTkS4a7pO0KYoHh3xyEEnbg09GOKcWt9QRP3Y/qwCrKEJvtxsKqI8eqNL4cE5MAVAO7oxeRMGi82cfa4iCUTBjgNx7H3r/zf053/AG+We4viW3238Fj/AHD817/+/j/eqHePbfK99Jymhn/Z9WfaHPDN/paG+wT3/K5+qt8PS/OufqG6e3yL/wA6S/pJ7eeWeKPctvvfaNJn/qRqX+/+nPgB/wC1tx36WT2m32ugOO3fjp/BZfYNfn/aZ5/v7mXP171/8uv/xAA1EQABAQUDCAgHAQAAAAAAAAABAgADBBARBSAxEiEyQVFhkbETIkBxocHR8AYwUIGCovFS/9oACAECAQE/AJ0+kQ8M8fqyUCp5d7Q9huUCrw5Z4D1ZMG4TghPBlwEOsZ0J5cmirBBzuT+J8j68WWhSFFKhQidJVuC4GMqXAx7O5cqerCE4loWFRDu8hH3O0+8JAEsRSVp2eIlGUnTThv3ekheLC4GMjcDHs9gOASp6dXVHnK0I4QqK4qOA8zu5s+jn701Uo8hwaGtN+5OllDYc/wDGh4hL92FpwPhulbDgOog0wV1uOPiwuhqMLgYyNwMez2IAIbvUfKVuKJiaHUB6z+H1HJWnVmPOXxCOs7O482F4sLpkbgY9nsB7V0pGsGvH+StqBU8AeoFSkUPdt+2uSUlRoM5azIMwzmitJWc7tglbz3KfhP8AkeJz+l83jI3AxkOy2ElRiKjAA199831nQz01UgV3ZuTOINy4zu0gHbieMoh+lw7LxWA8TsZ89U9WVqxUazr8mvyK9nsjo4dwVrUElZ1nUPZZ5bUMjAlXcPVnL92+FXZCh71Tio11DjrnPsGPvvaOj1xSqnMkYD3r+nQ2mNL8cWd9Jk5un+/R+bROXkmvT/pT9WXpHzn/AP/EAD0RAAECAgYFCQUHBQAAAAAAAAECAwQRAAUGEjFBECFRYYETMlBxkaGxwdEUIjBSgiAjM2KiwuFAQ3KD8P/aAAgBAwEBPwDouOrBiCb5R5V0d5OwDM0j7YxTpIYAaTtPvK9B39dHK0jHOc8s/UR4SozXUc0ZpeXxN4dip0q22agQmKTq+dPmn07KMvIdQFoIUk4EdFZaIuKbhmVOuGSUiZ/7fgKVlWLsc8XXPpGSRsHmc9BUBiaAg4aLPV2qAdCFn7lZ1/lPzD927XlQGf8AXTpOk6T+FbaMIDcOM/fVw1J75nhoqOplVi8UzuoTzleQ3nuGvZSEqeDhk3W209ZEzxJ10rCz0HFpM0BCslJ1H0PGkfBOQb6mXMU9hGRHX/Giy0YYiBSFGamzcPDD9Mui7XqJrAg5IT56LHtpTAAjFSlE9svAabcNpDjK8yFDgJHz0WHJuPD8yfDoAfDtrDFMQ27kpN3ikz8DoslXCIdRhnTJKzNJyvZp45b+vQtaUJKlGQGZpaGtBHxV5H4aBdTv2q45bgNFi4YohFOH+4o9idXjPou2S2xBBKhNRULu45nsmOOg0ha9j4ZN1DplsVJUuqeukbWsXFiTzhUNmCeweeiBgnIx5LLeKu4ZqPV/FIWHRDtJaRzUCQ6Cz0Z/btR7RGxgaZQpYaGQMrytZ14YSoxZKsHBMhKP8lek6RcG9CLuPJKDvwPUcDoJljSrqpiY5Umk6vmOpI459QnSp6laq5uSfeWrnK2+g3dHR/4J5n+zm8aRHI3je9j+nlv26qVfyXKC57Fx5Wf66NcwYYZYcNP/2Q==" data-filename="city.jpg" style="width: 176.271px; height: 26px;"></div><div style="line-height: 18.5714px; float: left; margin-left: 5px;">Jere Klami (Mr.)<br>Timo Mukari (Mr.)&nbsp;</div><div style="line-height: 18.5714px; clear: both;"></div><p><span style="line-height: 18.5714px;">To contact us, email&nbsp;</span><b style="line-height: 18.5714px;">df.thangld (at) hotmail.com</b><br></p>');
INSERT INTO `journal_contents` (`id`, `journal_id`, `locale`, `title`, `content`) VALUES(280, 114, 'en', 'About us', '<p></p><p>SketchupOulu is the product of a joint project between Department of Computer Sciences, University of Oulu and Urban Planning division, Oulu city. The aim of the website is to create a collaborative environment where motivated citizens can contribute to the development of Oulu city. Using the website, not only you can communicate directly with official city planners, you can also design the city yourself and then send the blueprint for reviewing.</p><p>The project is in active development in term of functionality and content richness. Main contributors:</p><p><b>From University of Oulu:</b></p><p>\r\n</p><div style="float:left;"><img src="data:image/jpeg;base64,/9j/4AAQSkZJRgABAQAAAQABAAD/2wCEAAEBAQEBAQEBAQECAQEBAgICAQECAgICAgICAgIDAgMDAwMCAwMEBAQEBAMFBQUFBQUHBwcHBwgICAgICAgICAgBAQEBAgICBQMDBQcFBAUHCAgICAgICAgICAgICAgICAgICAgICAgICAgICAgICAgICAgICAgICAgICAgICAgICP/CABEIASwA1gMBEQACEQEDEQH/xAAeAAEAAwEBAQEBAQEAAAAAAAAACAkKBwYFBAMBAv/aAAgBAQAAAAD9gAO/Tgq0+YAAACxS+/JL5YAAPYSJiMFil9+SXywTlg9/MAXR2kZ8oQixS+/JL5YXD2+Z3oOgD62g2ZWfGEBYpffkl8sXE29U6VDgA+poHmlnxhAsUvvyS+WXFW801VIgAPp6B5qZsYvyosrpF+NaXdxTRUmAAPp2lVXfjDo876yQAAAAAAAAAAOx9bHFOfSt/wAPhRekF7wR08YA0C3zjODVduPEYcWOqm0MZH68wGgW7TKF+/XDnBqu3H0J1+XfSTxY6qZK5vpEaZ8j9eYDQLdFhY+nvZzg1Xbj8t1UmlafGLHVT1vH3LbZtkfrzAaBbosLH097MeeZzSy3VSaVrcYfSajHj7lts2yP15gNAt0WFj9upgUiwUuUsRIx59pbbNsj9eYDQLdFhYAAS22bZH68wGgW6LCwAAlts2yP15gNAt60Ef8AUDKBANW/t3rZo5H68wFt9rBLzgOPoH3N5MVOGGfaIIANHtnGIoEhNtGVWr0AAXm6DMGX4wnpr4xywtAAFruo/D5xYLY9ROHXjoAAnbr/AMdcJwvT0BYNPygADvu2+DnJQlV9XEiAAH19cf8A0BFXNaAAAAAAAAAAAAAACyyGtkvK+G9n+J1njsVLC5L/AOQmmz4Cnm7D+UZfqSgckqTsejlcdTbpEi3LKGnivjzNq87RaDTZyizX7/kugUm3GU9XW1J+5k7NfI1pKpx0jRV8DbRUPyGzbxlDemOm2MWjr12OG1C6qIlBF5NHkaNn2dKuawy9SGfPqrtDtfHNulWAZsNUPkK5vld55bYPxDkdQlr1U3BNCtJvHA6/PeFchOoRniDOzq8Cu8+Y+x/WIViEDJowRANTkALV/wBlMsW+IavInec/vw3oX087WxPKBpcyngGrzMZq7/nzTN/+LRnW9Ob4PDehfTztbE8oGlzKeAXsWORIlBkw/D6fWd6ugm+j6lIV9MOfDy2rDoxAAAAAf//EAB8BAQADAAMBAQEBAQAAAAAAAAAHCAkFBgoEAwsBAv/aAAgBAhAAAADc8AFDcT/T92QAAAHns8I/9XuUAAAiPPfWQPPZ4R/6vcoBiPth9AA8bPmJ9+O1Y89nhH/q9ygPIf5JP6DG2YA6r4Dce/fntaeezwj/ANXuUDyFeSn18etMAHWPA1jV789rnns8I/8AV7lB5CfJV7C/WAAA614Gcaf6NummXnnA9qXcPMF4sfYf6vAAB1vzB+ojmArthr6UwAAAAAAAAAAOo9VHcuei8fdJXQ+DEgcwAohR8aE2bxbEk7DZi1qGqc+AKIU21E/DKvQmzeLd453plHew2YsdaFdBzj1TnwBRCn22HzYc6E2bxb0vtBnXBuw2YvVdZIqyF1TnwBRCn22HzYc9+7HD2l9oM66qyzHEkayRVkLqnPgCiFPtsPxzNFy5tqLAJJF8IqyF1TnwBRCn22AACKshdU58AUQp9tgAAirIXVOfAFEKTzd/icL1AZf8K4qH9U58AVWrARR3rWUHxYgSf3UvhLAAM9637MA6Fjbp3ZQAAUqoduB+wQdlDrdMIAAq9mjs/wBwCream0XbQABCOT2tcyBSeie3/wCoAA6LjVNPaQjH5dlQAA+TKv8AwCTtEgAAAAAAAAAAAAAAV0l6vHZu69P+3q3bZPgOOv8AZjhznbaU4/2SPljZ2q09e5BqRbnPSS4tl7mPriGyvT61267RXD4eV4G5NSLZ06tPwsbQ7qrnjbfPOTudqza3tlcOYu9nNbmSM+eK1wrJTqV7z0tufI2QOgFgoDpPL/O2coLPXYeuwTojmTytgvp6P2aBu59qthV2z/eaE3I7cHU4NmLoXW5FliEurzj0fkvk/wCZXgGcIfm4AzLnWsP5W9kvueXso8j+fdeA+e/uSmomdGnwBl5pDl7/ANdi0K/bPuw0K/b3XgPnv7kpqJnRp8AUlr5Ksa6l/vxuWfGXoo781zqOy3zUV2SuqAAAAA//xAAeAQEAAgMBAQADAAAAAAAAAAAACAkGBwoFBAECA//aAAgBAxAAAADk5ABI+f8AUN5QAAALOejPjCxAAAM2k5C0LOejPjCxALBK/wD+YAvct05q4Biznoz4wsQF3l2HMnX+APZ6VJzc1MAiznoz4wsQLv7raPqVAAev0mzv5qYBLOejPjCxBd/dbRnS+AA9XpOnhywxKl9apQT4dvF+lGFMQAA9W3ioD4Q2hYfVAAAAAAAAAAABsXYI1niO+/weXo3bmVDTuNgLbrWBTTBHqEGj+am+Gco59ohALbrNKEPq6CaaYI9QlUcSbOt0c1N8O6aadv3Z8+0QgFt1lHLT9vVzTTBHqEougVdNLDmpvh2DzuyB6RefaIQC26yjlp+3q51DhMlKLoFXTWDR23bpHndkD0i8+0QgFt1lHLT9N634Kx4s2OzBNI1HyB6RefaIQC26yjlpAASB6RefaIQC26yjlpAASB6RefaIQC260yK5FOpkC+vJ2QSU59ohALBJ5khdTc7gPT6rtDauKj48AAuVm7zGg27000OQcAAFo1uXKf8AOErOhrnNjWAAJ73n8wetQn3eXy/a6AAEp+h/nSjMFpVtnKf/ABAAG2Om6L+vg3z9/MkAAHodBf5A0PS2AAAAAAAAAAAAAACakcJn4Jq7ZPmZ/rrQ0vd1IzSZxKuuzL9NI/fvFr6v6ZWnLGa47mtF7+jfjXnSRg1sqcdcWAzb9bHsurMsYrsswr9yjeEl+fO5+uW5zQ+Jz/r115NvG6qrr64tI3J5DzlTustj1U5aHWDpTpKp2hxL20uN+IwRt+iLhmaS1pdvcx6HHwbWwWXWsNfV5z4gXqi3mszXIbClhGnbuc6TjzKfPYpbW8P0f3j1MCKclIrgF7ES55/RW7ovWN9+gfH/AK6uy/7ae+i2g26uhkAvvpDvu/XC6ZvmuPhlKPytXZf9tPfRbQbdXQyAWnTJj7vGgL5vbv8APeqcta+6sS1qOeLyBg/VyAAAAA//xAAxEAABAwMDAgQGAgIDAQAAAAAGBAUHAAMIAQI3EBgXIDA2ExQVNDVAETgWYBIhQVD/2gAIAQEAAQgB9SOAJRIr9eYk2mKrv/P/AGtTao1itHu/Yxj5CXdHz828fpMLC6kzqkZWWSYffo6toll7y4x8hLuj5+bePM2wGYuQVdKtm7bu2bt2zf6WM7mF7UC1sTuDeidUSlucpeiBaALNzo2eTGPkJd0fPzbx5YShDTbolMTOp7cwtzMrlwV9JCuWNixM4N8QS+jP0e1rdF6BG6I1Lc4y/ECwAWbnRr64x8hLuj5+bePJCUI/D+UMjKptm74vzYaG+oiXLG1WnXt8PTCkPUmxneF6BG5o1Le4S/ECwAWbnRr6Yx8hLuj5+beOsJQj8P5QyMqm2btVOqoODPWRrFbcrTr0EPTCkPUmxneFyFG5o1Le4S2FNQKW32lnqIDpsj0oUvjtplGFfzp/Lip2LHBcrt1jtHY8/Xb5W7VNs3fN/Nhob+gjWK25WnXIb+TLhvCNqW0oUX1d+8qVeUUK3oMekz4xSVkGoJ2FKyDH+hisfGZxtXbxPwCmOvAKY68ApjrwCmOikJKwlQlSFaNIpcFaVAi1gKY9NddK8ApjrwCmOvAKY6c4VlRlblzu6UORVIhe2bXka8ApjrwCmOvAKY68ApjogHnoVdVDGQ+hg99rJXlzZ93hlR/79CPLNXEki9MQuH7Plyn5vLPRwe+1kqiNXfQDz8uS6ZQThSbJ2brqlPb3Vmz7vDKj/wB+hHTJSaJKAJEsMYn3QThWL8gF0iCJA6GE1cSSL0xC4fs1OBI9CEWFpGO90E4VE2QcuE8khrA9VlPzeWejg99rJVF/tIo6IvvEnTNn3eGVH/v0I6ZjctJemFPsAqqauJJF6YhcP2ayV4RO+kD8wx70yn5vLPRwe+1kqi/2kUdEX3iToZRSASAsRuBghx4httWonFFWY3LSXphT7AKqeWduIGpwZHjtrhGhMOGwZp0YhXJXhE76QPzDHvTKfm8s9HB77WSqL/aRR0Tb9tpRYu7u76IK7v4gru/iCu7+IKyGkEeks8sEQzWN84g0XCj40FHd/EFd38QV3fxBUyZJRscxoUCrHUD8wx70yn5vLPRwe+1kqi/2kUevA/MMe9Mp+byz0cHvtZKov9pFHrwPzDHvTKfm8s9HB77WSqWJLC9IqQqu16D67XoPrteg+sjoNjkHjfeQiHnGcZYdUDQ7fdO16D67XoPphx7iMZeW5/ZKyn5vLPRxglsJjCwabC/uxheu7GF67sYXoEPxqSGW4/iuSbfo4wqb2/O2I9zg5N6DZat7LNq3Ztn01gEaOiRnLO7GF67sYXruxhep3L2M7k8gJxz1MJl/xBE0bKlFu+rRset/niZv+qyfH6HWsvF/zcwX0/6OETh/wez5rpam2LUatHcUWN6ZRfTXPLjK3/UZrDdOmRC/6lM57f8A0cOXDVJK6pJ0khv1apCOG3zYbt+qqVVyzpIbhq7Hxs5/o40OH06awrf0yMb9W2aTuz5sIW/Xe7H7rq4K9qBAtXb713eovXb9z9CKnD6VJgCv6G+PUcyCRKSgi7RIdrtEh2u0SHa7RIdrtEh2o5ikSixO6phSVXD6VGZ8v0/Rb1e5AvRLtmmTUIa6aa69zUH13NQfXc1B9dzUH13NQfXc1B9dzUH1Ns/xcSRcWsIx/rUJ49bZgYHZ71kAU0BjMhEtGbFLY7xyjP6hTHfbL445v+szRC5xARJWpRCWPmyYWN4eNReCNpJLxRFdPWMqJkkoRjxTOEDqIctjynaCCak5MB4SSSRjMij3QRt7+x7Z/wCdj22lOP8AtTzY3xBXY9toowtemtiXuA41jj69PqcZbEOEKq4iSXHFxwq2N7cvX1DGN+2WxRST6geM2w2I5HH67Httdj2ygnE9sOGPR6byJhcBd+dx11h/GJfKAn/li3fHAz4vWoy2YU+wyup+5kkCg3+ubPWFXHRNUtA7TNUduCFqwusqEg4et6uL/wC3UnVlWQXhWVYnJE+TzBZLoYcnNFhoMfUz95JruRRR9SnuKxe1N6aRVYRrai9W35loEiterx9J38uyDE3kkysLD4WsA24FxYKpDKGMrungP8nay6lbZvntpn5Y5ti2KCWSshx34zeV4acUudHkhGoPKsp2hPFMxJzQGfnEqlWaZUY5LOGppxUlS+xHawYfcm4VXE5yGEI5LBY2QZEWxEw/Fu/F+PWFPsMrrIDbu2TLIGm8Qt3LWOzRsu4VcdE1RBJ+g1OEmRq7sIY3DpEYP7fF/wDbqTqza91hNQY6JpFgpmbnDFkIvBkful5wUk3+ZT+kJdJqkhXFYXqUonfMx8d2l1abmLXOAhUnzCKxLtY95QeE7o0x0/FoboalWhZoc0MZpGKH4doraVYzOcZWFbjh5b0sxi9Wtsz8syNWFfHJLU18tyLVm9dT3bV+xDB3vkeOh8lU5PSCpNZLcmvZUBTiqiZ2uoHFTP2PSy7rfWTnlEwXR66LRhi5LceAAU+tZfJL6jc5MLyMdAMpY5cRFmvmoFJ4Kz5Hnhu45USCHyCQiy0PxXmIUAEBWwmkhZJRb/ghUnEwxclazAUc167IWAHOx8q5+MuMVayPGaTJ1nNmzK2TQaQ04PsDceMhRBkA9BOQ4uI4MBpIkm4s8ZcYqlTKgQZBjY1xRjLMUdAsfuDQXye7tz9Ips9NGLktx4ABL61F8pO7cQSMavbRWOUzxmERkjYiiRHNC9Hxq8NnlBwUkkN/Tjgv2dy3UiRiWxe7WWkqDMaZGOxlrLGTs7lupLhIyilG1LiigLHSSZDYtpGzrcQ5dRo1avaMiTuVFTcHIZKg00iptbnQnjOJCqV1DumF1sLF6CSG+LL8lwmYxSjalpRTHjHIxAKoDBC1t993c25qSyBjuexsPXiYh9HEFqbksUbHNOSZeSU2FL4hR5BoW1/hEmXuGM/B4LV7MSWLd67b0k2bjCWEbUhJwVElcjYObl06HzlE8daPQvjrPxlKRY7jpPJTO1tuVESrUGbPs0NrCH8zINE/90BSs3fwAF0i3gMXoF97h1ZdcOq/SxJ4abKMvd5XUz8BldYz8HgtbsoIL2b92zdJz22EkhGD+zRvyIBVmFxHsrC/k99qV/7PQlWbPs0NrCH8zINE/wDdAUrN38ABdIu4DF6Bfe4dWXXDqv0sU5sZ2VNZjAjXw9j85Oip4W5QTawtw8vjEexueGhNCoPYUqvuVHRkdVDC8tD4kHTaL5+Av4fh0XhSK9rwRj8g5AXSKXmCQmZG/RLOgY2r3hBZhuHWV/fWYQkjbI+UAyZKDMci6QrKBOYmkMQC3hxavasZJtYHsbQRuQN8VwK2OaR3QZWTYzP1jfGQ3/8AA//EAFsQAAEDAgIEBQwLDAcGBwAAAAIBAwQFEQASBhMhMRAUMkFVBxUiMFFTYXGUs7TSICNSVIGSlaGytdQWJDNAQmJykaWxwtM0c6LBw8TkJVBgdIOjVmR1gqTF4f/aAAgBAQAJPwHtlRCmOMxnJPGDBXEVG3Aby2FU93jS+Nbn+9XfXwWdYrhtqfdyEo3+b8Z6Kkekx+D31I86X4lEKbUJpZWWR5u6RLzCm9VXDqVakyhAXqm0CiLMlU7JskW9kvyS5/Hs9l0VI9Jj8HvqR50vZN6qetnafo4Qrxh+Na6n4CXeIc6fBcVAwWxguxUVO1s8V02dzFOedVFKTHQrijC8wj+UO++3bzRQmwZgKEqK4mYDFeZUXAnM0TmH97yOUcUy3NO/wlz+P2PRUj0mPwe+pHnS9jDuS2colCdHdzo88K/2RXxrwM3mtZh0iqLSpxaRIRU2gibyTbmLcvzr2qScObDNHIsptcpgY7UVFTBBD0shh7exyQlgO91pO77oebxbowTIMwFblRXEzAYFsVFRcCczROYf3vI5RxDLc06v0S5/H7DoqR6TH4PfUjzpewie2bHKHQ3E5POLzwrz+5H4V4JftW1uuVxteVzEyySc3ui+BO2yThzYhIcaU2SiYGO5UVMGETS2IHtjewQmgKbXG0917ofhTZujBMgzAVuVFcTMBgWxUVFwJzNE5h/e8jlHEMtzTq9z3Jc/j4eipHpMfg99SPOlwxPbNjlDobicnnF54V5/cj8K8Ey0ZLt1uutF+F5lZZJPyfdEm/cmzf26QcSZEMXI0lslEwMVuioqYMImlsQPbG9ghNAU2uNp7r3Q/CmzdGCZCmArcqK4mYDAtioqLiqBOhuijwQ82Z+Hn2o06vdttTntv8OIr8uM9CdjC1HRtTzm604i+2ECW7Du4oVUROdckT+fhFEJTzrgCu9EM1Lbbx8EtmpSqO6gw9H96snvF54V3/mc2zu7sS/vTa3XK42v4XmJlkk/J90XPuTZv/EJBxJkQxcjSWyUTAxW6KipiFq9OS9ocqOUeLI3l/pAj3z8y1r7d3Y4eKTJkkRyJBkpGZkt1IlXaqqvspPF5cfY42u1t5teU24POK//AKm3DDtGSoMp90clV9szEliYaIfyO6WxVTZs23/4D0ekV0abq0nKwgrq1dzZL5lTfkXHU+n/ABW/Wx1Pp/xW/Wx1Pp/xW/Wx1Pp/xW/WxRHqHJnArsVl7LcwQsir2Krz4ZWRMmuAzEjjyjccJAEU8arjqfz9n5rfr46n0/4rfrY6n0/4rfrY6n0/4rfrY0JmQabTWyenSzRtBbaBLqS9lzcGicqsUwjNpJjKAo527Zk2km6+Op9P+K362Op9P+K362Op9P8Ait+tjqfT/it+tinOUqrREBZMF22cEcBHBvZV3iSL2nvlJ+jL9j0a76SuOl6b6Y37Hoib5leDpKd/B7HvdO+rWO098pP0ZeD1UqFClOxnLIuVxtgjFbFdN6Y00v4et9M+z40z7E3AQk630zcpJ/5fg6Nd9JXHS9N9Mb4NI+tdLOmxnyi8UhPe2uPPCRZn2jLagpz40z/Z9M+z4q3XedCqSsRXtTHYytcVacy2jg2m8l346Im+ZXg6SnfwYmdb6zTW4ywpmradyK5NZZLsXhIV7El3pjTP9n0z7PjSvjlJqk0Gp8XiVPb1jaouzM2wJJ8C8He6d9Wsdp75Sfoy8dHTfRj4O+t/STg6Nd9JXHS9N9Mb4Oh4fn5HB0wvoTGOiJvmV4Okp38GO9Q/rGPwdItfuXg73Tvq1jtPfKT9GXjo6b6MfB31v6ScGjo1mXT2yZiOk/KayNkWdUsw6CLt7uNCm482nutvw30l1BVB1k0cArK+qLZU5+DoeH5+RwdML6ExiNxyl1Vo2J8VSMNY04mUhu2oknwLjQRryuo/aMUxKTSkdceSIjjzvtjq3Jcz5mXz471D+sY/B0i1+5eDvdO+rWO098pP0ZeOjpvox8HJbMSLxIV8OVPyJP5mDqfkSfzMHU/Ik/mYOp+RJ/MwTxU5unx4xK+1qj1rbrprsuuzs04ClpMn1BZMdI8fXDq1jNtbVzDtuC4Op+RJ/MwdT8iT+Zg6n5En8zBzlqtWCOMRHYurbu3MaeW5Z1tsBeDpFr9y8He6d9Wsdp75Sfoy8dHTfRj7f0i1+5eDvdO+rWO098pP0ZeOjpvox9v6Ra/cvB3unfVrHae+Un6MvAa2LNbNqS3dUzNuCoElxsu5caGL8o1T7RjQz9oVT7RjQz9oVT7RjR3rVUos6KL8rjU1+7DudtRyyHTHlKO23aNENfU3oMQqi/x+pDnfJgVcKwvoiXK+xExoZ+0Kp9oxoZ+0Kp9oxoqsOrUlxHYErj1QcyOJsvlcfIV+FODvdO+rWO0znYZVooCwEbjuv5kjpIQ76tFt+ETFblfJ8r1cVuV8nyvVxW5XyfK9XEo5dOZkHGcccaNkkdbETVMp2XcaYS5Rmo0gPBqJjTq/Mi+z5U59pkfG4aB/fhMrbQoIJ3EFLJiovRJ86OklhtuM6+mqVwmkVVbRecFxW5XyfK9XFblfJ8r1cVuV8nyvVw+UmkTwhpGeNs2iVWYTTJdiaIvKFe2r/Q6iy/l/5iMjf+DhLlJpFQRv9NIpkPzp7NLi7V4CuJ+Y3JFwvmHgW/WunQWLdzMhyf8AF/ES2SosKQgf1Drjf+Nj8HLacaPxOCor+/GxyOZA4nhFcq+yS4QylyHP+jCdJP7VuAsyMym46eDisZuP/B+IlYapSZbWXukDzL6fMC8A5UhVaotgn5qSzy/N7IexpdJlOZu4Tj7DKfMS8BZuPVaoOiv5pyzVPm/EVsEs5Udzw6+E8Cf2rcA5UekNSB8PGYrT9/1n7IdkaPBjif8AXuOuL5pMciEy46fibBT/ALsLdx4iNxfCS3X8RWwsVen6z9ApQAXzLwR5Z1SWDTbysylaBUZDVj2KCu2yYi1Dy4vVxFqHlxeriLUPLi9XEWoeXF6uItQ8uL1cNPtt1k2nJmve1y3aFRGy2TZ2S42ExSKhqv0yimA/Ov4ly4TzboeNs0P+7GnAoq83Eans/wDj405HyGp/Zsacj5DU/s2NOR8hqf2bGnI+Q1P7NjTkfIan9mxpyPkNT+zY05HyGp/ZsaVJU63VWmWYkNIs5rMhSm1c7J5kB2Ai8/8Aw3pYtAWmTOK8W4lxnP7SDubNr2rcu1rYndc0oT6spP1ep1vYoV8mY7b+7jTlWFl0nrn1r63Zsq8WWRq9ZxlPFfL8GNLVoC06aUPivEuM58rDb2bNr2rfhLWtib13pdTZR6k1rU6hHsthdBQzuWIFX3W5UXnxpYtAKlS0jcW4lxnOisi7mza9q2+1rY0nWIOjgSTSucTz67i5tB+C1w5b6z3S408W+l0SU/FqvW5EyPR8xI3k4ztzIK7c2K990UKuLIA5HFeK6l1nISDbWu3zIV08WHuLO1ySDJSsufVN8txzLdL5QRVtfGna1OXpdV4tLixutyM6sH1sbyrxk75Nmzw78dUpbf8ApP8Aq8dUpfkn/V40qUhmxlfXSDiW0bQ3JdtTr9vIty8dUpfkn/V40uHSOrxBzx6KULivGETaQi5xhxM9uSipt7qYpT0qvynljtUpAUXtcKqhCSFbLlsubNa1tuOqEESoG2KzYrVOV5tt1U7IRcKS2pIndyp4sdUZXeIsOvarrVbNq21O1+N89saYLQeLznYfEuI8ZvqmWnc+bXtd93WxpmtO+4GoDBGVxDW8auTo58vGByfgt11x1Sl+Sf8AV46pS/JP+sx1Ryj6t+VEnQipYmbEmI8TJgSpLTuZk8CphrU1GiyHY8sObM2WW6eBd6L3MaS/c1FkPuNUtniXGVfba7Enb65qyZ7iniXGm96XxriD2lyw0QEm6tUyI0j+1NdZq+fw46X/AMmzj38vmgx/4U/+tXHTTnoMbDzcipwnHnNHZ27V1CGZsG0SlyUJRJs+5v5sMlHlQqo2EmOaZTBxGMhCqLuVFHHeKj5+LhV1lDbSTZPyhanIRD/7kumLSToZRqrAdT8ppOwcVF7mqdIvgw3djRiEosnbdJnLqh2/1YuYczMaMy6Y4+F90mdPacX/ALYN/rwTw6T8bjqisOsMucXTNn7KQQjbdiXUmYkFpx6U8s+k9i20CuEux262RObFTcq9UcZnNnNdtnUG6VIEU7FE3YqU2nHOOopUuJgp59WMfJmsJbsxWxKlzgiSmBpEuYzqy7JsldESURzIlh2c18atp5yks8VFcqERqzTzPL4bXVbYqBt0OJFtOp8Z+OzJKUrpqRKkjLmTJlsiF3dmK5WqOkgTaNmYwrQuCYqKoiuNohIqc6Y6bl+iRcaRSKE3Ua1LKcLKimsVp9xBvmRd2ZcVl6tzo1WcZYkvKikLSRI55UsibLkuNNpsKnU6pymoMMVDI22DioIoiiuxMTFOnaeu5hfNdgVVVVQL/rXyL4cuGLO6XyGKTXXEG6NPIl25B25tUJIX6Cd3Fo01uO3StEWNmbW6rLrV/QFFNV5yt3cOlr82fXXXNmve9+7jpf8AybOBUF47eypbYTIEi/CmAVs00U2gSKi7aaq8+OmnPQY2H8lJ0kr9UdoLhLsZqCyzuG3cjwp8ZE7uCVv7snIsifCsiAEmO0TRODbviKil4dvPjvFR8/Fx0e/6Tgtd95SKJV0XauVkSip+tpRX4cN6qo1epzeMGSZfaoLiwR382ZoyTx4POzVNJoZQy3/e4T22mf8AtiOKY3VnklsR+KOuE2NnsyqtxRfc40HiNN1SM/HJ1JjyqCPtE1fa3zXx7io/VkjDEx4K+bwRCiNNu5OL6vOp6xxvZ7Ym6+IjdenxoCzKQ2qqrTjaijms7HaSCC58qcq1ufFbeXStJHGuvSqms137stuxy2y5dlrbMaNQ9IGU2FJjEcF/xr+FBfgFMUZwdH9LWXEOnSMqPNq0+TWcVC6ISE3mAk8C4W4tV6aKKu/ZFipjpif6QWOm3fQYuOl5vnlw4TL7BIbLwqokJCt0VFTcqYDJUjBY9XS1kWVGXVGY+A7Zk8dsKQUbQs3adT4687zZ2kO27pGNvEKcDSzdDa04JVeOIor0dyyBr2u6qJyh508ONJoUp4kRCdcpk0yVE3Jcoq4mpVJFbZNqq17UuttxY7iK2TbQyABVcJOe1hTdt5OkYUafLqhyI8cmJbuZlYjDea7DRpvBcT1dhzKrJl0mpN52yVCfV0DHMgki8+NIwomlIN6usw1iyzQnm+xVwVjtGNnOVa+zdivjG0Wq7U0adVtTJIXFddYIewBtTS6Au8cVkazGp8N1qY6LUhrIZP5kS0gAXdispR6fLdYl0l4mpDqK8oKy8lmANdwhjSsJ1flQn2aRECLObXXSB1WZFcZAUy5s21ebDvF4NOqUF+Y/YlyNNSgcMrCirsRObGlkWoxsyFxd+nT3gzDuXK5GVLpio0n5FkfZMVViHoPEhk27UWYj7TQulTHmLaoGkPlEicnFeGtFSTqC1BBZktatHkj5P6Q2F75F3YriUt+gHqqO+4zIfR+E5ckD2htz8Gtx2/k2xXYU7QurhGc0UfegSXxBDcN02UAo5EOrVcu7aiJio0n5FkfZMTW6pWpgKzGlhGdYjUxoUy50B9tvMfuBRLJvXuLpONJqsiqyZIxyYmPKTTkeOCFmYaNNqgvPiTxymVWpy34EpBIUcaceUhKxoipdO6mNJBo0+XVXJEeOTEt3MysRhtCuw0abwXElJlLqlRlPwJaCYo4044pCVnERU+FODSkKVVm5ctw4ax5jioDhoordlox2+PD/ABqm1Sqz5ECSiEOsZelG4BWNEVLovOnsoXG57yKbrhLlZYaHlOOnZcop+/Ym3D9I8se/kYhi2ssNZAqDJK5FkCnKyGqDtFVsSKl08Sph2nDS6ujqxRfkuNu2aeNhcwo0ScoF58PUnyx3+Rh2EbVYccaijFfN0kJoUNc2ZsNm3gixoNKeNRhOzXjYWQibzbQWzuCLsv8AqwFNmlFbJwYTMs1edypfKCG0KZl5rqmAGJWqk+sYG5WdoW3RvdHOxUhtl27MOwjj1R8o8cYr7jpoYt6zsszYbLYciNuUUGnJfGnjaRUeIhHLkA78lcPQvulqQgbDovOLFRDYKR2R6u+4V/Jw7CNqsOOtRBivm6SE0IkubM2GzsuCRTEpNRicdYRyU6LqNZFOyijK9lZO7jKkqpvtR4ykth1jziNjdduy64fp7lNZeaYVI0h1xxSeVURUQ2g2bO72qE21UarNldcZqD7Y8jB6ttCLfYU3Ju391cU2lJTKdOkMx45sPk5qWX1bRCNHk2qibVtintvuRIjM2nKaZijv5gsQFsVFsSp4Ux3ub9ZyMRKPYCJE+85HMv8AzGGILTVHdcdilEZdaJSdFAXNndc2bMMpJg1Cq09mZHLkuNOy2wMVt3UXEGLxpuTFhQWHW14uw2SFubaUNwhZEvsxDggxGp5TIsiK06yQk3IaZUVzuOXRdb82ILcSVWQF6qugmXXuiT7SGVvysool8dJueilj3tA869jvDP1W/j35N8y3wdAf5csdK0/0tvHSEH6Zdq9+z/PY6SnelHjolj97WO9zfrORic6hAqoX+y396L+hhxXqVV58h+A6oE2pNmd0XKVlTHTVL9Oax0rC829joOR6dEx73/xpGOk3PRSx72gedex3hn6rfx78m+Zb4OgP8uWOlaf6W3jpCD9Mu1IFNGQ+45o9WVWzZuvLmJl6/JVV5BbubuXodMdqE19ZEo+uDogTxFnVdWEhAsq7xy2xqqrVKw0AVeQCorEGPcXEFFDYrhIiWTmTFUjR3gCbnZN9oST/AGlIXahL3Me7P6XAAuSqNKYlxmzRVBXI7ovChWVNlx24YjrFI2xrejkt/VORZbfZplcEmyVPcmKpdNmzamG6do/aMXXWopMckEkZpdaqJrXXVtdE2DvW2/ZikANO0MIW6JDfUkcksA4ZETqiq5SPOtrcnZvw3EqNMJxHCpc1wWX4ctsbEK2MVRUzb0Wyp4MDT6BAyC5VnI7uved1fYgCIpmSrcrCKc64jBRoTrzjMNgzTsGGYDzYawlW2Zef9WFg1pmlmbkECnk1kNwcpL97vBe6Jz4ocBupwaZPep7g1KSZC+1FMwVBWSqKuZE5saqlVigRlapzhqiR50NtO6exHBTlCu9Nqc6JQaQxUYTyPw3kk5kB5CzCqATqjsXcltmMlRahyAdr9aRbti8zezLNuVZV7Mt3MnP/ALh//8QAKRABAQACAgECBQQDAQAAAAAAAREAITFBYRBRIDBAcYGRocHwYLHxUP/aAAgBAQABPxD5jHFu3Qh1S29ZAirYRD7TgcT/ABBugeLt/wCb0tQvuCANoaLVgDbm7b2KiRJVoHor5zpalKZCriVOMotuFGH7AJUkRHYjyfLOMhD9SBDE/comA+eV5H+oDyOzeSZKepKg66fwfd8vpaAUK2BdK89m1wWBg4jFMgAuCDazSj8sf+6FJ0AmVvsOAPADk/IwCyqEJ/QJkKDkqDQddP4Pu+T0tfxPfiHwXNe5Az+Zb+w+Qbv2KvzGe76cq8RMoAcfs2YAFPjyDIf1QhPYDIXmJUH+gP4Pu+Ppa/i3/EPgua9yBiilSxRtX7XfmX58xLjHz+IiZQA49ttMACnx5Bk/7oQnYA5dSsBEgCIhVpiOH0DR5G1Aawx5bNYsHqSZDuCb+uSOmbLpRKG0fSnpIBJLSFGQaSqJ6P5nv7D5hv5l+hmPcY+fxETAYtR9y8SuBR7cH/1SfOagVVq/Eg1GwXCAmuUoiCAESSeXKIw17aWgj/BDQzhhUPFWez8K1atWm7CUNwmmBN5O5uDXkQogxYWSMU17JD8C1at1E4zmkbBth6OCeQe4yw6+FatWrRtKkUfiaBvh+mg155/+s9/n+8HqrgrKBIDER7wICUG1d/Q4U9Mw0JPvNfDXn3VfoXiQ4pprRzni5+M4Kb2nNyhd8yep/wDrPfPORpxA3MLZzec8XPIEW7h+aANB8/Ud4NblXn0gh/8ArPf6Pix94Nbl9zx02e7KFOmODXnoFCMNgR4RPhpBA+m2CKLQMoJ0+lwmRgwJy1Q1ocAH0OLH3g1qm68KxKfgxPs8/BGrVrrsRq1TjjZeb6GveIlkkuE9p8DVq1OBOtIvdKa5/wAEx94NbH3g1sfeD2dx1mAFQoidYGBadqOfLy+XlcNpWjSDCiK1zF+Q6Sm5fx6RQBwAZ5eXy8sUiUQUKIV0h8vvue97pDWabz1x8GnTpnKpiX5hePnN7PM5Tz48CSkpzHz848KkvQvwGP8AAPQ0GFKD7fBp06aAffqmZgim+fm80+Vcbz85gMHwrwT9r4z0I/W/uNenF9vHKT/v9CjK261X2fhk3kRdn+qsFj4TH/uHxKvTJLK30FU5CbC5+F/QoTwYJb7nolVEjxNR4YfiVFFPYi/PonBH7Vj+BB9CqBJD0F/q9HQO8gHR90+LgMGOxw5JODM8XF/GPOOsWt+r9De9nbO8fv8Aoai9jZDgELeviPnz58+8LJZTZpASb25e23LO8ft/RUn1NzMT84GxgrsksYzXyBw4cOHDhzEpTjkiBVoshX/G5qFQSf8AdgHFuODRSwLo9rl/fHM0uZAHMmuF7+zDcJCSPd4dhxbuYqY06GoAWpV0WhEArA7gvuI4tzRSmDhB987qndxOxkhKi1E6UYRuJn4NTo8r0py1mzIwddg9O5ZKc5vyXoHrhsyFRpjZo6KbM/8AMZ0xqQVQ28uObOs/5jMF67vbGJcAFppcIdtQdhGxwKUAoTIXLhWDaHXmMcfEIuVuTgsZ7YvpljPZMrp4Ld45NGHG84fb3POt/wDMZLFA7Zf4Y/QMgShmpSFZ3nNmBKfW8mHaQnOKkPmp+4EwI1bWqCzFHUyw5ZG14Bf3r0rn736K+n/FEyuEEHlEKMRgiDkuRCI8J6JAyO432LBU9nBTJfvTpfyyMdE49zP6BTziJQx6FFDuoXGkP+aGeVNy1/XHJKZk43o2BXgFzY/wSIINPGPRKGgo+9D8vbG0agVexJXlXS4BhlM8oWKuxJV7yQZqfBgTFhEinaiEiHBSAxX3H03meFNOHo0J74S1DU1bUO/OKhcH1tLAEcd6YUJB1ppDl9DKybOUhNpYUgBvDmVxotOUVZ5IHef74Fu3bdtufvWTxTNyZIekEexuUO/IcagHY09F9Yo0atVQYHgBXjPwy1oMbsHV5L1STMTI5BBSq12vDIkVgD0AlgeS+MfYldw3vcFmkLznrOU4E7yXdHxAkF2zvjXpWGRKvghqASlO9e88kjZdN0ig6CNZJHtkwypMiK0Kylp3UccwLxrnAFb+QNKxspwDrGuQaUELO9fBo5AQrgjPPgoBE4c05wjPUKDAjg7DKAVACrlxGvfdvoNY4wStpBBWFqAzlwsX6FIXR1isTg2ooejvHJ3DPT0pSBQlijriTAKKYZhESgoI4acLjmWYgGxL0qlbMGbSnDo431gC2wtSprtQTJKF4OBcrxQNOOW23TA3F3C+51h2UbC9CitgV6MkjNsmu8xwzXpX5teYrAsvJ3vG8j55L3Ty3vSbmsfOUTelrOonYljFKAThmwlKKlWxURYeTOZZktUAkGMMcIZt/qGRHQ1jWtnGEkE8zZdgYD7mNgoKhYKEsUdcSYcNYCELcPAPj044yc8acfdg4yvcCJM2AnYfEj1ox8EYuCxVAKBTUp5yamrZZG2jAlBShNnBmxszhRa9PzMC0YaCCDIvmelOqHnxsAbYLSoxC7I/3M/QEurjyN0FtcpYFoklxD1DEDQYQYitOMNSeEtTrVGwmPwBJCVSUMxb4pvH0DAxsGECRe+PRszQlBiYtII2V5ixosji0IhrGGH2iK8JUO1Ds1zPkwzLZYpNnO+FQVFQ6x9VK9SnbQOMCQRivRQVUlESKehVZR7aRQ64NlWpmIiDWBtaupXvD2zoDHDHvNn1Pt3MiXgodhETIpi0TFrpHtdXILXDz0aCKgWz6YGN4kn6zR3LoKnKqKbA8YVSEYM46DpB+mCaInYcbxJf1mj1j+XsnKjoVuNYGXj68onsAHWm203H21HdMljV2hgsT7ThipsOzjELjRk/l6GQtUbAxYAEZ2YTmkVgpA7bxVU+CcYzjGpCdIRAwPqPFDQ1cUG1iuvbUcpdpG06VYHfD8ZVSyaKjKrg0/EF2jO9iAsWVPyQ1I3DA1RqhcErI+jdQgFC6jl2+HuKVq4iZRHtvFa3ba6qCBCA4rpZ1nFZsCbGj/wP/8QAMxEAAAQFAQYEBgIDAQAAAAAAAwQFBgABAgcINgkQFBgwNQoXIDMREhU3OEATNBYkYFD/2gAIAQIBAQgA6m0SzqIY9sUJzHK/FGtP5Z/BmuOlYRy5+n9jxLP4/lN1kNFpn6V9L6Na2zWMuJxbOXa5MTIUc0nl/T4ln8fym6yGi0z1XH27loG5eYNkiFTQQ4VIgfS8SXbS8oi6VWTbBfy01loBXSNkntbUa/SPSjLPo8Sz+P5TdZDRaZ6dtFtq6hKjDAt7GwmtpeVs2foCe/SfDHR3MjjpSrtbtkisWGWKlpFYz5WGysAKqVsktraj35R6UVa3+JZ/H8pushotM9G2l20/EcTb+30bFnYscNw1wLg9R6MpIcaSOlqm112RSrYlVqX0BjPlYbKwAqpWyS2tyPflHpRVrd4ln8fym6yGi0zftpttPxHE2/t9Gxc2K0k2Rd/3C6zxZyU4UodMU9rrsiVWxSrUvoDHfCw2VgBVStk/ma6b4WoBXF+Nrbg85b/2xAbaGL4Yq80qZ/LbxuipCAUICx4g7aC3BYhQFkIUbFnYsfSuGuBcH9B4M9KcCUOmKaJ4bNAAvVM6M32+QSSARIl6cpcWmbeJmjtpy7OPYEJ1tH0Ycby/4NzvxHRZ0SPeebRjzzaMeebRjzzaMNl5JayHVWSNmwwAqhRJX0aMeebRjzzaMeebRhNvC2DhigAGHDc9ASTPDm/PNox55tGPPNox55tGEFfJqZWkyV6GaHukfTht2k1D87Ga9NndVEt2V2rJ+nGXRhfo5oe6RhvFQxz4Idc8bGXBnG5mUh1TlGG3aTUPzsZrdjtZ9urqBMye5a2XGSjESkBVBBIWd1US3ZXasnFl26TVnOXKGuWtlxdOwzVTW6ZMl4xl0YX6OaHukYandANxz2at2G3aTUPzsZrdiRpardmN30vFndVEt2V2rJxjrrMpuvfpI5uxl0YX6OaHukYandANxz2atzRuguoINQRA7f13GAaghIxI0tVuzG76XhIVjBA1QYA5iXnDpdqitGuJO466zKbr36SObsZdGF+jmh7pGGp3QDcYonUHOUuU92RynuyOU92RynuyLBsM+3EOZU5GQtl1pyqgQ5LlPdkcp7sjlPdkWix4cSK4wDpmL36SObsZdGF+jmh7pGGp3QDr3v0kc3Yy6ML9HND3SMNTugHXvfpI5uxl0YX6OaHukYKGhABaRKOZV6RzKvSOZV6Rj5epwLThkVP+tyZHu0NRGpB5lXpHMq9IXL9OpSKVlTEYy6ML9HJO1ay5aysyPK28I5W3hHK28Ie7FUW8ckWO47n+HeJWfrUjci5esWYok66p1TY1nF1xlqjBHlbeEcrbwjlbeEWRah1EbQJM31MySPyqpUaLaH+FcRQX13TP8K2zgm7FEj/E0pV/o5mEPmJlBoJmZgjUiSLjUiByrl6cjj/Ds4zusER4dnlKf0ctyH8rXpr3W9P8UglRfVlwf/ibFAe5gkOFQioP6ORZDiGcalux+P8AEM8pV6szD/wKkwYIFZjj0ByBCkHRKmX6FzyHFNw4FuZl+3Agp9JMrzWO2Oax2xzWO2Oax2xzWO2Lg3QVXMIHWdtgQ4pxkwv0j5WQ4FYc544PP4xy4vSOXF6Ry4vSOXF6Ry4vSOXF6Ry4vSLNWKcqc5i5k5/zV5L9zaZ4MvDEdH1pHBPQsZQTKOGpMi8d/ptNQDKxaG65Z2J9Q9F5L8zaR0MCHLe6ae0wFqEfI4Y63TCrRZi94buqGom9nSGiJIx6u3mRoy/xE5SzQnHOhOC99piM2tdjnQnDazCJmTtARtTcBImSqODHczQqRqpBJ+YsxzFAUXfyFm1VSknD4yOmjJ5I1HOhOOdCcPLKMyineHFb64XUyIZsC7GSIDaVOBDouEo/4nNYnmN3wvFitIk4d/3BEjMTUAEWseZpnOCgQfMEUMVQKC0XK+1JGMYkKhUbCgUqxtXa0p30AiZeOThkIInTYBtcOxlA5VZgy3wln5lkoftCOLSEHfhtkUphmC5TGBrISmIbkpZNthATDpelNekxq7Up85WNVGKCWEDW27bpgqHwFJZeaoDhjsJHWmwQqPZPtJNR1oEIlbCzzYOtwqOPk9bGg8iUnC2OF4gE1FNFTdrmsZerrmIZ/ip+X5YzG74XixFUptAn8HYJTVcAScsxNQARdi201FlkVcBcd5hQTyxUW5X2pIxht2s1F6kwRvvYUULJp50LC6HSEWbf0hi1FIs7bwJzrHBCJOIZIoaDHlkxoszFtrSqjpmLImx22WNOAEifmzkyaX9NhyYepA/xqJKhVSZTjnQFloJOtyBVTtBpYlGYmoAIs5pUlAoVIlE6arvsilvOAYnRjaww0du0DTi+dlwnSVkKEXsU/gaflDsrjSepPyOrGS9q19dWQhiNvEQUs3CxQ0+8Z3AXVRaU98W2WzdvSicFjIw1ZBIGAz+TdpVRdHLmU9hY8Ob62XrOu8kKZSTAIRKwj7LV/OD5Q3IiVvnGLbcVOGxgtwtIAhqZ+/thFY6ucclXLbz1Wm8SkH5RXIi2OMisdUpjLeR1pXAtr1A5C2yUYIt8qXHyXtWvrqyEMRtmkmCDfKlx4yCtA41lx1GSTBTRyaGVAG9L0eqcgEajZzm1asMC5CU5SsxyTwyLb6IpCETPNq1Yt1eRIdAwgZOHxkA3UA9wg5PK1qDDUhzcbqKJiZWfEt3elHc5isEnca6iY1ww6zhK8KSO3q1mm3V5Eh0CiBk4Wsj28QU6yAqmfDKFqx62Jf5DcR+RMr0cr1MwK6Jg1t7FFumUwIUSwx0yReYAQWRmtDcBYlNaqiU4txZlJa4wghN6nBSyMZFDsoxi7pcHDnL/ANikhspQZonbpXMmLYqIYuG/dzMZm/0ycNr7PmIwz/vG91y9dDw9uymYxT1bT0sp9XiQ0O0l4s/rkvGRmtDcU41vaqXxlbdGMpyCWLGLh9gNxiZqucZgabCi1322VIw37uZjM3+mThtfZ8xGGf8AeN7rl66Hh7dmMxinq2npZP2bNnBZrBQjdp+Fy1IAeNdmzxg/QsGshkk2I8TVVBb26dyylhniYhatwM1ysVc/1l9yvFzzDKGmHYmlPaYyWYOIbqZKxWEAeGdztOAljDrt5NvW1HIUNBwuZArrrIM+8D6MK5cIbI+zR4ko1qxU/c58GS1QAuMFmzZGuSwb/wDA/8QAUBEAAgEBBQIFDQwIBAcBAAAAAQIRAwAEEiExQVEQEyJTkTAyQlJhcYGSsbKz0dIFBhQgI0BUoaPBwsNDVXKTorTh4zM0YNMVJFBiY4LxdP/aAAgBAgEJPwDqlye/06t7p3bi0qLTINSnVqY8TKwgCkREZkjMW97d6J//AFUv9o+SylFvFKnUCkyQHUNBO2JifnP63u/8vfOD6Jd/RJ8yvK3X3Puq4ndtSdFRFGb1HMKiKCzMQALUz7ne613d2S7VXVnrXYNyK1NgAGYLHHU1k0m0LoQ5+L+t7v8Ay984Pol39Enxn4y4CaV490VYG70LziAWmQAcdJc1rV1bDSeMmQVHRgyMAQQZBBzBBGRBGYI16nVN495dMKtBKQIW7XgrDm9LJxVKpkUqx5AQ8UoRy3G3ipdb9dXD0qtNirow0II6CNCCQQQSLMl199d2SalMQqXpFGdegN+2rRGaHlLNM8n4n63u/wDL3zg+iXf0SfFvMKJp32/Um12Nd7s67NRWrKc86dM4cTNaqRcqhVvc671Q3wm73cgkioxPJpvKtQosC9JZkqrLTTqVBLzcryjU6tKooZHRhBVgdn1g5iCLK9596l5eKdQyz3R2OVCudqnSjWOTjkPFQcuu91vt1dalKrTYq6OpkMpH/wAIkEEEizJdffXdkmpTEKl6RRnXoDftrURmh5SzTPI4f1vd/wCXvnB9Eu/ok+Jefk+VTv1+pt12x7tdnHY6rWrKeVnTpnDiZrXb5Xk1Ljcai9btS83lD2WjUaLDk5VKgxYVXqlCnerleUKVaVRQ6OjCCrKZBB/qM7K9596d5eFYyz3N2OVCudTTJyo1j12VOoeMwtVrvdr7dnWpSq02KujqZDKR/wDCMjIJFmS7e+u7JNSmIVL0ijOvQHbba1EZoeWk0zyOD9b3f+XvnB9Eu/ok4bz8nyqd+v1Nuu2Pdrs47HVa1ZTys6dM4cTNa7TeTFS5XGqv+FtW83lG/S6NRosPksqlQcbhWl1agl5ud5RqdWlUUMjowhlZTkQRZXvPvTvL8ls2e5uxyoVzqaZJijWPXZU6h43C1Wu92vt2dalKrTYq6OpkMpGhHQRkZBt7nvdL5Tc0TWw4aF8wCDXoDULMrUAHFrVDLTYgFUteLvdrzSv1K8FrwagTAlKvTYA06dRsU1QQMMEAyRlb3X9ySdkvewJ7/wAFMdB71iGqXehSpsRMEoiqSJAMEjKQDGzgu9e43X3Solq1/iBWTrXu12dScJAI+EEkVMLqoUI+J7Xb/muTUuNxqL/hbUvN5Q/pdGo0WHyWVSoONwrS+YUEvNzvKNTq0qihkdGEMrKZBBBgg2vXGe8hRxy3fE3wk1MX+Td9eIHXGuG45qcUoFSbwKSULtQRUp00UIiIgCqiKoAVVAAVQAABA+NQ466Vs1YQKlGoAQlai5BwVUkwYIYFkdWps6NWpe6ZuVc/8Opqp4sqpmne66NI44ZYKMulFwamOo3FlP8AQdZaRecOKc4ieiR02vlPpPqtfKfSfVa+U+k+q18p9J9Vqq1VQwSNhiYscKICSdwAknwC18p/X6rXyn0n1WvlPpPqtfKfSfVa9I9RyAoEySdBpwXhKVWAYMzB0Olr5T6T6rXyn0n1WvlPpPqtfKfSfVZxUpNMMNDBg9BBHUd1X8v4vOjzRbmanmH4vPJ5Rwc0n3/F31PSP1HdV/LsJVnUEdwsAbXX7Sr7drrmAf0lXd+3wc6PNFuZqeYeCjxlUVWWcTjIBSBCsBtOybXX7Sr7dqfFo1LERiZpOJhPKJOgHctzyeUcHNJ99lx0XLYhJEwjEZgg6gaG11+0q+3a74atNCVOOoYOWwsQfCODfU9I/Ud1X8u3OJ5w4Nx8nBzo80W5mp5h4OefzU4OZ/G1ueTyjg5pPvtvf0b8HNn7uDfU9I/Ud1X8u3OJ5w4Nx8nBWNJHMkYVMkCOyUnTda9Eo6lSMFPMEQR1m7g55/NTg5n8bWbDVpkMpyMEaGDI6Ra9nxKfsWfjKsATAGQ0yUAfVbe/o34ObP3cG+p6R+o7qv5ducTzhwakGwpeP/SwpeP/AEsKXj/0sKXj/wBLYeMNRm5JkQQoGeW48ATAlPCcTRniY7jsNhS8f+lhS8f+lhS8f+lhT4qmWmGk5oyjKN5HBzZ+7g31PSP1HdV/LtziecOr82fu4N9T0j9R3Vfy7c4nnDq/Nn7uDfU9I/Ud1X8uxhlIIPdBkWvP2dL2LXn7Ol7Frz9nS9i1bjKbU2IGFF5Qggyqg6TtjqF5imKjhRgpmFDGBJSTA352vP2dL2LXn7Ol7FrxipVBDDBTEjvhQR4Dwb6npH6igYUhUxSwWMWCNddDakn7xfXakn7xfXakn7xfXZQtQqGyIIgkjUd0G2jFl8ZGHlj4+iKT0CbanOyKyI2EywXOAdvcItST94vrtST94vrtST94vrsAtVC8gEHV2YZjLQjqvZUivitP4raLWpz3sQn6vj6ijUjvlSB9Z4P0lV26IX8PzHsXdfGCn8NtVIPQZtoQD0/G1bAvS6z9U8G1C3jMzff8x1p1kPSGX7xwdlRpnw4BP1/G1qVlHgCs33Dg7CjTHQgn5jqoVvFdSfqng2KV8VmX7vjdkzt4oUfitqzAdJi2gEdHzHU0akd8KSPr4CgpKSRKyczJznfZqfiD12an4g9dmp+IPXZqfiD12an4g9dipNIEDCI1IJ8gtoa1Oe8GBP1fMtGUjpEWup8en7drofHp+3a6Hx6ft2uh8en7drofHp+3a6Hx6ft2uh8en7drofHp+3a74KNMkk4kMcloyDE9dGz/AE3d+O4xMU48MZkRGFt2s2TBxq4sMzGZETAnoFrpOGtxWLjI7LDijB4Ynw2u/HY6eOceGOUwiMLbtZsvF1UaHScUT1pmBIYdwZgjZNrvxwqJinHhjMiIwtu32oYuOKjBjiMQY9dhMxh7UWun+XdVK8ZqGjlTgygkZQcttqPEvSwmMWLEDOfWrEEfWLDEKSkxMSdAJziSQJg62unFpdqLVSeMmSui9YIxZ57I0tcftf7drj9r/btd+sbDxePXlhJxYe7PW9y1x+1/t2u3EUmMFw+LDuJGBct5BkDODaoq0FXEWnKNhBGs5REzIAkm1zLUwThJqQSNhIwGCd0mN9rlGNgJ43STHN2u3HYqYeceHUsIjA3a6zt0tdsfwynjjjIw5LlOA4uu1gaaWuP2v9u1x+1/t2uQMqrK3GwGVwGBHyfdg90GxmnVUMO8Roe6NDuNqHHsqgsceHCTmF61pMQTpqLXX5XBjFLHngnUth1wS8Ye5rbmfxtbm/vNvpf5gtzA897ArTYKKi76bgMGG8gEMu/TabEMrUiQRoRikEd+bdtT817aVTh6UgHwHO3JFUNSYd3UfxKB4bHlV6kn9lMz/EVsOVXSoB+yiMB/EW6LYfg2BuuDEYsoyUE77LSLuQoHF1cyTA7Hf4LUxTpBkMDSTVSbIjhBTw4zESXmMxuE2VELI2MIZGRGEkSYnPvx3LSQKxnWImsBPc0AsgNdn5LMrFQsCByZgzMyN2dqVCphgyjSQRpMNI8NuYTz6lqK1SlBMOKcpUTt2wLUlpI1EMQu043E9AFrqjVHpKWJmSSMzrZYqXQaDbS2j/064bhi32OV2VqqDeOyQd3EQR+0dgtykLGrVOyJnD/7GFA2LMaWAwxEbI3W5n8bWz+T+82Mj4X+ZbmB572E1aF3pB+7TwDPvof4STstn8GDKrbSrEEA/s5gdyBst21PzXtzi+bbL5RayeEhvqeR4LGadOkkd9xjPhhlB71hBp3Vwf2ihLfxE2qGmMDNIAJyjf37XpyabK0YBnhIMa7Ytvp+kSxQGiFJxkicUxEKe1OsWY0Uapgc7QZjDnoS3JnsZmDFqS/BcOHBsjyzOeKcWLlTOdq70TuYB1/Cw8JNqo4+7sOUswZUGCDGRBhge6LbbunnVLcynmi3MDz3tzKeSwlSIIOhB2WM0wcSfstmAe6NO7E2g1r0BUY/9pHIXwKZ77HgOG+UhyCdGGuBt0nQ7Drlag6jcKiAfU9k4taTAqmIEswzDMVJAUHZMsdYHXUDVprSCk4kEHG5jlMDoRZIdaKo6mDosEGJB8lqBq3YmUOJBAOeE4mBldJ2xO21EteaZTEkrlAcHMnDtGhtSNJncECVMgLHYk2pcbUUMjiVGUyp5RG0t02u5SgrqXJZDkucQGJziNNthLvSdQN5KkAZ5Zm13dG0laiAx3w9krfvl/3LU2a+s4IUupJHGK3XFo0BOtqJpCoKeHNTOHHPWk6SNbUuMWsJcBlXC4yJ5TDrhBy2zOotSdL5TLCqBUVZgABpDgHFE65EkWSt++X/AHLKadFTJBYM1Q7pUmB2xJk6DMkrQNSkKKrIZBmGcxDMDoRsiy4atOkisMjBAAIkSOg2oGrTWkFJxIIONzHKYHQiy4atOkqsMjBAzEiR0Hgu5qUiiCcSDMDPJmB+qww1KdGmrDIwQoBGWWR3fGfCgyA1LHYqjaT9QkmACbCt4g9qzE4TDKcmU7JEnI7CCQc85BAFXjacThUEZgMIOIbCNlhW8Qe1YODTAJxKAMyRlBO7gZnqgSwQBsO4MZEHbGcDWJFjVUMQJZBAnaYYmN8A2Jaii4uTBkZRGYBmcs4sKgamuI4lAETGUMc7ByKpIGEA6AEzJG+wf4MhIIgYsmC5DFGpG2wcGkATiUDUkZQTu4BV41HwGFETMZHFp4PBacNNSxjWFEmOiwqCoVLcpQBA1zDHPqTE06dNcK7BiEmBvJ1OpgDQCz1uMempJDKBLKDkMJyk6T4bOQGco0aMsHIjdIB7hAIzFt6ejSzVsx26+xY1CaoAONgRkScoUb7HC6UajA7iEJB8Bs74SrOxB5TERtIOpMkwSfDNmqFmqBCGIIgqxkQBBGH67OWWkSFB7EEIYHckkxstzQ84W7ep5Ft2x9Klu0Tyng+kfiFuZqeYbc2/kHUu0p+bbmk80W55vxW3p6NLIIP/AJV9dhFWnTVWEzmBnmMjbmKvmNbmX8q259fMqW7b8KW5oecLdvU8i27Y+lS3aJ5TwfSPxC3M1PMNubfyDqUuVUCom0BdGXeI64ajUZTFWqKarhHyYJAiByimLIaGZG+006VMkoD1ztmCc9FG/UnTabU2KkpmFJH+GnctuHASFqoymNYYEGO7nYtig4KiLIZDlmCCJ7ZTMGCJEEmpW5XJXAFGI5DRVHhOgnQTaoeMvIJcrorEAALOoWBM9dnplBdKsRiQSrodDoQQY2iQRsItxlZ5IQMMIE6k5ADTMnYLMarhQSQNWNRSYGsDZtjM24ykagAb5OZAMjrlMeC1Woab1UDA01AKlgDngEZWmpRrNLAdcjnvaqToRocjsJrVjTZcJGHUaESFnMa5yc51tKFlIppthtWbdPYjXadk/wDQP//EADMRAAAFAwIEBQMEAgMBAAAAAAMEBQYHAAIIAQkQGDY3FBkgMDUTM0AREhU4FiEXNGBQ/9oACAEDAQEIAPcxdx1Myc4r0kC3Z9Wv1/2vJWpE8KW1/I2nO5g/CQvnzf4UdR0sOtYCS0vKfCRxxgGCaF9O053MH4SF8+b9TV25nwqsO9wWDA3h362X+1tSOxh2pwxAFytpPWCAhI9mvhOfjc9qfIejac7mD8JC+fN+nAjAPS3QJyuetxd2MNWfN17f9pvOE8kngzpLCfNkjI5HRPUHE3SKuREJHc2MJz0bntT5DjtOdzB+EhfPm/RgNgL9P6Tmc1Z859fV+q2Wz7iAvnko6GcJ4R5uEpGJaJqk4m6RViIhI7mxhOejc9qfIcNpzuYPwkL583xwGwF+l9JzOas+M+9TWorabHvIS6dSzoZsphHm6SkUnomqThbxFWIiEzmaEDI8evMROTawnyFSY0dwiqo2bubD/X/boVLDymOZsrbIxkbLjGvcKjWfOfXjPqtls/gIa4cTDgZsoobrakIwNC4ampmTpm8wY9MPTEusVdDVknKjcqNO1uhJaF/4NhxG5HRaJqlcp0jVynSNXKdI1cp0jU+4yXmwNYEqJycObMWAA64myPprXKdI1cp0jVynSNS5jS+00mIbNUzYGeDhI6HE3lOkauU6Rq5TpGrlOkanaz1NBP3ElD2NsD7Cr6dzTqEhUR9Vp/pyW7fqnDbz7d2+nO3ued9nbA+wq08j4pRHMDhaZxyhppRLN+Trxrbda3NOoSFRH1Wn8M0slHo0nhaSSueST6wcltwPBvGTSvkt2/VOG3n27trJ96KbdYh1QT+eST6gDLqQVx6ESB2s7e5532dsD7CrUh/AG+Cb/wBmzhuadQkKiPqtP4bjPcCzhtodJnKyW7fqnDbz7d21mp2xUeGKncVM4Z29zzvs7YH2FWpD+AN8E3/s2cJHgVpO4yGOrpeIEcEjQZgGtxnuBZw20OkzlONuk1cgKSN8lsY0wI5RWsn+BS81O2KjwxU7ipnDO3ued9nbA+wq1IfwBvgSF0sGtu18w6O68w6PK8w6PK8w6PKy+l1HerrtUE2sM8oGuxUEwUU/MOjyvMOjyvMOjysj8z2W6GUbSyVYqdxUzhnb3PO+ztgfYVakP4A37+KncVM4Z29zzvs7YH2FWpD+AN+/ip3FTOGdvc877O2B9hVpRTwjZe8AXTBuL65G4wrkbjCsycXWa12ZqoJPrZGEkdDIpUQzyNxhXI3GFNTESPkRSCPkqzt7nnfZwdyBbLHCP2q3P3Gtc/ca1z9xrUVy0iPNN1PpeaKRodjRQt9aInanDoQGgANoVmllssZMNJlHrCarz9xrXP3Gtc/ca1lTIaW6nwZUk73NstV/e3j5apzR/HstRL+uAEfx74TQOG4Wq+IkS4P8HbGVtbFNSK0pkbTJa8G44VuAGuDu9OEqP4yTCOnDMFW1OySo3/g7c6vqXf14XCZkjUg71Av6tuRI1MPwQbhL6vqoOw+Z/BwqV9ScmENeGYyTqSkpRs9W2Kka3KCkapXULShQQe4yYuGEuvu/AgZY8A9k0fhJ+ITNdyxepqHl7R1Xl7R1Xl7R1Xl7R1Xl7R1UNwI32ICMGlzyseAZKkP+EkKFxQ2GPbbm3GGulc7UYVztRhXO1GFc7UYVztRhXO1GFc7UYVk3loxllinSKZ/5rGbEK2REkY7rLbC0a7kMpWjbwKtUGaGvVjPh9bIiMMf1yRx5Ox4sWFRMZcRbZFSxzerGxWtWZDNtenLhKVS3qSb4uT+Ko0c2FhNIsYI7pcRZKCmfCYq0NCVuuu2BbXlgW0dxJtBkwJpV5YFtPnbWUiKUIYTkJmqqmq2ppZK2xR7y1lxhZ20bSZMQesbcMrZBQL1LWKcJrXMsqhCvLAtrTbAtqMsBSLoS/GF3i1DiEqjp5rHfCA2+UD+VGEhpE/5D0bdu2f0ocrLPuOpVHHZwCttLo43U/wAYJ8ls8UArtrlxi6MogCwd/YRWrPF2ioL8RlEPOBpBuGNhTIO2+x/Gu0dSuzDfHjZXR0yzJ0k8TDY/Y2VFIyQKF7xxcR3urOGXSRxRz0f7sQgk/VEwSfbwXUs5cuRhoWDyEWNNcr0CWTB0IZrPSapfR/3F1Tbe6CGqVpecrXfixYlYFyKuOVrmTCpPOSr7S3qoFSuBk8CpTqETD2bmNJpcdBBQT59f5GLo90BI+IE+p9Sts/pQ5WWwd1skKWl0eg3hw6BbdtpdHG6x4nDRFk9WbhtqRuTR1k8fLwd/YRWrc1+eIVi4uAvGLAC5jBOMRG00hrzB17/5HLVilpktM5hhtr+UBcO5AqKKeMUuwV7nkanDIpBj/Qvqpyq+DyezjKqkWyWvaL/83TH3KXEV/SxUQD6JKLJtFMbdQOgbHHt0yS6/VK20ujTdZMdwVSi5gQETQSzG2VLnkziykLnBLgzleopbSsTsoB2AoagGDuWkQGb/AN42UecySIj6pjawYyBZ7SbJgqrTO6S557HVFPiXOpmnG+AIsxRODWTplUVoxnbLjddyuTGSMEci0FpFDhFZl7NBi/4qcDSo2VS5FxEzI6rl7Ep4L6RnmQhCrplZJebwFotnrNzWeAKfoj4f5et1Man8U4IMeUXNd5qtw3MhCFTvnc3kxD0KtbCTItnNZoilFacHATVnifOlMGMgWe0myYKq06uImrvI+dKVhvkmyWwybCKnMC2VU3YfNlvTGEWrTwVrU5M8umQamGEHAxlC0oqRthU8XUiAqpLy6ZBqa8ZXGwiwI6nUUYdPR4JWiiUU9vWQixa8XRkx8ory8EkAzTi85WGSCNKcJ4+rz+GHDTFPGpxFHmE2L5rxmcbCLgjKdNfCJ5K6CGrgIaOKoHQioUt4fOxlo9ykoezt5IJIuwdDIbz3C3qSXTAAOXKWSVoxNjmMKO2CdRncWf8AYJdbpNuTjifxYEBSi1MAOuciXHyklg6wGd4xMw8yzcb6cA6epTS3CJKd0YYDcz6cI1ti/JKVPj+yZOtzn4lO4QZ2nKVFnU5Gtwjtzf7W3923BqR+oTlZJdpzlYUdsE6r844ttu101m9zklp3nj5OGesE6txPt7pW2x1wYqfO+CBW5n04RrbF+SUqfH9kydbnPxKdwgztOUqLOpyNbhHbm/2sC8mU5NAtbSiq46xIdPXmxs48mkkmkCNpPwycaeBGifYId+9dwbC+MlKQB0Jnyaxpaaf6H2ex4zYmg6iQlzLURZkMsvk011x/KbbCHNpReOI5TDJ4nHkz2vKcSiwJJLNYrvDDDV5KxsiYo3Do5XCPJtJVEUNun0iCIoInrDYGemTKcqhattO/+B//xABQEQACAQEFAgcLBwkGBQUAAAABAgMRAAQSITETQQUQIjJRU7MwUlRhcZGTsbLR0xQgI0KBocJAQ2JygpKj4uOUoqTBw/AVM2Bz0gYkUFWD/9oACAEDAQk/AO6XhbsyQtLiZSwIVkXDQEalwa13W4Whp/2X/wDOxxGJ2SvThJFftp+U+Ay9rBxdfL7bfkURmvMxoqj72Y6KqjNmNABmbML1cpVUNKikKkpHKjYGpArXZuaBxuVqr87wGXtYOLr5fbb5y4byaPFdSDtZIqVLDPkucikZFXWuYYqrAhgaEHIgjUEdPc02XD7VMjOQTLEDVRCcqKgpjjHKxcsllpgiWa7zKVdGFVYHcR6t4OYzFg03A0zcltWhY6RyHo3I/wBbQ8rX5ngMvawcXXy+23zYc8mu93cabxLMp370jOnOYVoBZK3hai9SoRspZajNANWXMSSA4XNMiQWbuUjQ3iFgyOpoysNCD/voNisPDMK8pdFmUayRjp3ug5vOXk82NZrvMpV0YVVlOoI/3TUZ2DTcDTNyW1aFjpHIejcj/W0PK53H4DL2sHF18vtt8yLlZPd7u403rLKp370jOmTMK0AtLyM0vF4Q67miiYbtzyDXNVNKk90kaG8RMGR1JVlYaEEZg2KxcNRLmMgs6gZyRjQMBnJGNOcvIqEjWa7zKVdGFVZTqCP99IzsGm4Gmbktq0LHSOQ9G5HPO0PK53F4DL2sHF18vttxxcrJ7vd3Gm9ZZVO/fHGdMmYVoBab6LNbxeEPP3GKJh9Tc8g5/NU4Kl+7SNFPEwZHUkMrA1BBGYINisXDUS5jILOoGckY0DAZyRjTnryKhI1mu8ylXRhVWU6gj/fSLXlZ4GUOErWSDFpHIdK0oVNcRQgsBUFrRSyxPd3iAiClsTPGwPLZBTkEHOuYyNrlfafqw/GsCFlkdwDqAzEivjz4pY7xNdHAS7a7NtVllU6g57IZrVSSSy0W0v0OaXi8IefuaKJh9TdJIOfmqnBUv+QSNFPEwZHUkMrA1BBGYINocP8A6gP0ZloNkFp/z1XrDps6YA3LzWkdnaSWRizMxLMzMalmJzJJzJOZPzpNnNHkQc0kQ0xRyLUYkamYyIIDKQwVhG90F4jHypyeVU5NBGw/N99JyWdSFwqMQb/oO7PeBFTHhpycVcNaka0PmtwbN5h77cGzeYe+3Bs3mHvtwbN5h77Xd7u8i4lDUqQDSuRO+ylpJGCqBqWY0AHjJNLcGzeZffbg2bzD324Nm8w99uDZvMPfa4SxwxKWdiBRVGpOe7iuck8BYriWlKilRqNK24Nm8w99uDZvMPfbg2bzD324Nm8w99omhvCUxI2oxAMNK6gg/b3Hvrv6pvm9Q3tm3hMPaL83waX2TxdfL+H5vew9hH3Hvrv6prGkkcUjKdaFVJBoctRvtf8A+DB8O1+yLD8zB0/9vi6hvbNvCYe0XivWxgMCPh2cTcos4Jq6McwBlWmWlr9/Bg+HabbSxz4FOFEouzQ0oiqDmSakE+O3g0vsni6+X8NpNleYlTC1FalZUU5MCpyJGYNr9/Bg+Ha+Y7vNKFddlCKgg5VWMEfYQeLvYewj7j3139U1uol9huLvh6+LqG9s28Jh7ReLwWP25OLwo9lHbwaX2TxdfL+G3ex9tHxdevqPF3sPYR9x767+qa3US+w3F3w9fFdRPJEpVSXkWik1IojqDnvIJtcFWWJldTtJsmUgqc5KGhAyNQd44vBY/bk4vCj2Udk2kEylHWpFVIoRUEEVG8EG3By+km+JaLY3fEWw4mblNqauzH7K0G63ex9tHxdevqPF3sPYR9x767+qa3US+w3FoCD99jePRfzWN49F/NY3j0X81jePRfzWLmEQInLXCcSs5OVTlyhxGXaST4xgTEMOBVzNRnUGxvHov5rG8ei/msbx6L+axm28wQLijoOTIjGpxGmSni69fUeLvYewj7j3139U1uol9hu79evqPF3sPYR9x767+qa3US+w3d+vX1Hi72HsI+499d/VNYVjkUqw0qGFCKjPQ7rXD+NP8S1w/jT/ABLXD+NP8S112M6TRgttJW5DYgRR3YalTWlcte4XLFO0MZc7WYVcoCxoJABU1yAAG4WuH8af4lrh/Gn+Ja57O8QtiRtrMaEb6NIQftBHF3sPYR9xkaMzmEphRnrg2mLmg05w1teJPQye614k9DJ7rXiT0Mnus5eFXKElSpxKASKHPRgfttqio4/YkRj9wPz9ZHVf3iB/nbRQAPILSsksiYwFRm5NStSVBpmp81rxJ6GT3WvEnoZPda8Sehk91mL3eQRhSVKnkxIpyNCMwe6/UnV/30A/07avdZqeXZsR94Hz9GvMNfIHDH7geL8zBEnnxP8Aj/ITz44n/cZh+O2jqVPkIpbnKSD5QafO0jMjn9mJyPvpxGuGQJ+4ip+H8hOU12kX7QyP6lPEKbO8zAeQSNT7vnDKG7SH7S0a+oniNdpeZm+wyMR935Do5kQ/tROB99OIUDSK/wC/Gj+s/OHMSJK/rM7H2BbSNWY/sgn/ACtqxJPlOf5Dot6hr5C6g/cTxLKZ3Cg4XwjkigyprSnmsk/pT7rJP6U+6yT+lPusk/pT7rJP6U+6wcCcqWxtiPJBApkKDM+e2q3WanlKMB95H5FrGysP2SD/AJW4QHop/hW4QHop/hW4QHop/hW4QHop/hW4QHop/hW4QHop/hW4QHop/hW4QHop/hWvglvUyqqqI5VqDIuLNkVclxHM+L/pu+fJtjLs8Oyx15KtWu0SmtKUPltJtfk74ceHDiyBrhq1NdKm3CBXHdtvs9jWnIL4cW1Hkrh8dLX35NspjHh2WOtEVq12iU51KUOmtpNvBKmKOXDgxUydSuJqMp1GI5FTvoL58mMMmDDssdeSGrXaJTWlKHy2veAXUOdrs64sBQczGKVxd8aU324RP/vYpHWTY0oyVIXDtc8QBzxDPKhteflUV4xgts8GFlwkCmN64gajTQ2bA14kC4qVwrqzUqK4VBNKitNRbhEyyX28xwKuxw0DnlP/AM1q4cuTlUkZi3Cp/s/9a3Cv+H/rWvlRJHj22y0+iaSmDaZ82lce+vitwr/h/wCta+i9XhBURGLZ46agNtGGKnNBFCciRraF3vbvgEdKNiGoINMOGhxFqBQCWIANuEwkxUFlWHEqtvAYyqWA6cK16BbhSuzRmp8npXCCaV22+lr98mwzNHh2WOuFUatdomuOlKbtbX7Zf8NnEWLY4tpUuMVNoMPM0q2uuVuFf8P/AFrcK/4f+tbhQrR3jdTACUeNirKSJh0Bh+iwNhhmgdkYeNTSo6QdQd4INr18kjZysY2WPGq5F640oMVVGtSp0yrwh9BtNkbxsxTa4TkE2mY2tI64xnVtNfCf9NLdcfZW3/1v+ibeFt2UVmVp42YwtphmjLIyEnMAkNG4OhzpVRZSskd4UMDkQQlCCNxBFDbvJvbitzruuPyhZQSPtFQfLajm7lLwh6VGTEeLZuzfYLCqXSGgPQ8pwj+4JPPY1S6SQEj9OWVCf7ioftsXF+2qcxkU4M8WbkCmlRWzzrHGpZjtrvkqgknn1NANBmd2dpmnnKygs1K0WCQAZAaWlliMhmx7MVrQR4a5HSrU+2zyyBJEEbSLQ5qcYBoKgcnLOlfHbCGN2XDoCSVuxanjpUmm6pNpSLqkfLRHRXL4jU0emIYcNAGJrWgzzvF7gxgqRImEMCKGhKgEEbwfJbwuTs4bXp7uJb1IWw05RV2pWoOlT57TteJUvJUM1KhdnGaZAZVJP22v8scMV4kVVBFFAagAqNBaSsPCLVqd14+qf/0zQ9LYNwsvKvrrd5TTJWHMkbxbMMGPRGo1NuRKEEF3G/FhpjPTgUFyd7UB51icVa1rnXWtda1328J/00sKHbV86qR5xmLAg/8ADdDl+YNvC27KKzUu96vs7RE/Vm2jVXxCQafphQM2NjT5c0butMg6KVLD9cULfpAnfbvJvbit1D+3Y4voXusm/JQYx54yp+2wpNNeJcROXJiYxD7Ko7DxNXSxqs1/jK/qCVVT+4FtCszbVEwsSoo1c6gHotwfGomjdKiRssSla83dWtuibsJLLKwvJYLs1VqYMOItVly5Q0qdcrIt4lSHaRjPCwoDiyzYBCXCihamEEVra8P8v2m02teVi9WGnJw0w4eTTDla6RXle+QmJ/KeepPiCraBhdL6jVR6YhhYrUEVAIZcSMPEctLaC+SjzRxW8Kl9s28LbsoreEy+0bEqykEEZEEZgg7iDYUmIKSdBkTksR4m5w6K03WqLtcC0KD9IGkr+VmFP1VXx8Q2nBs7AyKBykbTaJ0kDJl+sBlQgWvcTsd7QSk08pitJtnvCFZJcLKsaGoKoHVSXYfWpRFOVWPIvQgle8FwCkjVUxxrWqIw1UjWuVpMUcl5eSNxVTm2JWFQGB3jIEWvQu9+C4ZF2chBZcsQKIwo/OpXKpG615CXCdZQkmFyGLNGRyQpYVCnVRpacTpHEysQrrQlqgctVOnRafYQuySRkq7AtQq4oisRkEP2G18El7eJ1jURyrynGGtWRQMNS2ZGlmwxRXiJ2OZoqyKSaCpNACcgTa+xypWtGhlYVGhoYiKjcbS3b+zP8G0yJwWkRBdY3VQxgdOYEDc4gc37rXkTmEzY6K64cQiw89VrXCdK6Z2vGxe7HDGSrvjibMLyFbmGq505JUDQ2vEUnBs4RruWidgKlmZMJjJXAThzGagGtdJbt/Zn+DaRZry4wqwRlSBQKYsLqtW7xQCopVsgFa9iG8NeXehSRiVKRgGqowzKnfXKz44JrxI6NQiqsxINCARUdIBtehBM94LgFJGqpjjWtURhqpGtcrPtIJp3ZGoRVSxINCARXxgHivghvAlkYqUkbJjkaqjDPy2bHDNeZnRqEVVpGKmhAIqCDQgHp+dHjlbMk5KijVnb6qjp1JIABYgFrt6Rvh2jALjEjqSyON+FqDNTkwIBGRpQgloBBPiw4nYNyWKGoCEDNTv0s129I3w7GIrOzKuzYsaqATWqrlnlrxJHHAxoplYoXpqygK1VByqaAnStDQQSFFJwrISzU3KCgBJ3AkeWwCXmV8AElVCsK1DZEilDXKtcqWMJSZyi7NyxqBizqq5U8ZsYw0AUttGK5MSBSitXQ1rSzRfLZQCCGOzzQvm2GugNeSc9K2MRWdmVdmxY1UAmtVWgzy14mu/yeWLairsGw0JoRgIrQdJHj1tTaTOqLXIVYhRU9FTnZoDCrqnIdmarVoQCi5ZZ518Xco1WaaWTG1OU2E0UE60UaDQVJpUmsV22EUzqFKOThViAC2MZkDM0GegGlolZkiWVK5lHqtCpyINCQSKVBIORIt3svby2S60BP5t/iWWFVgZmXZqymrAA1q7ZZZUAsoeKS8QqynQq0igg+UEi0ce0EkcSBhyFUg6KpXQLQAEAV6BQpCFSEyKY1ZSCropBqzAg467qU8do1R5wGkIFMbAyLiO6tAATqaCtvCG7M26uL2nt3i9hJbrZfZXi8C/AbeEw9otuvi9Z7l1svtW6+X22t4Mn4Ld7L28tpGqD1D/+Njigmmd0NCKqTkaGhHkNvCoO1S3hMXqe3gj9rDbvPxS28Ibszbq4vae3eL2Elutl9leLwL8Bt4TD2i26+L1nuVIgzs0Mn1SzZmN66EnmNoeaaGmK73dppHLsdswBYmpOESBaE6rhwnOozNsM086gSEHkRJkQBTIuQBQDJRmc6C00asBLUFlBH00h0J6LdJ9fEAZIJEkUHQlGDAGlDSozzGVlTZkgSwyPhaOQZijAqSN6upGJag0OJQILt9Gdo+0LnAvKIGJ3NKgGiirEDIkC0AENxIWJWrV0BJJenNLYjQCuDLnEGoilgLV2crBXjkAzBzBBFaVBoymuYNhBdoqBpCjYmbDkqjlMxNTRVGVT4ybIIIixVQToixOFxE5YjqaZVNB0nYzrCSUBlK0JFDzHWtR01FrvCJ47vKyETuSHWNipAMpBIIGVDXothhvN2jwoSaJLGPLkHUc5Tkw5S/WC3e6rNG+NTjrRgaghS5XI5gUoDSgFBakqxuGml3BlrRE6aE8ttPqipqR/8B//2Q==" data-filename="yo.jpg" style="width: 79.2857px; height: 111px;"></div>\r\n<div style="float:left;margin-left:5px">\r\nThang Luu (Mr), development project manager<br>\r\nPingjang Li<span style="line-height: 18.5714px;">&nbsp;(Mr), developer</span><br>\r\nJunjie Zhou (Mr), developer<br>\r\nToni Anatalo (Mr), technical advisor<br>\r\n</div>\r\n<div style="clear:both;"></div>\r\n<p></p>\r\n<b>From&nbsp;<span style="line-height: 18.5714px;">Urban Planning division, Oulu city:</span></b><br>\r\n<div style="float:left"><img src="data:image/jpeg;base64,/9j/4AAQSkZJRgABAQAAAQABAAD/2wCEAAQDAwMDAwQDAwQGBAMEBgcFBAQFBwgGBgcGBggKCAkJCQkICgoMDAwMDAoMDA0NDAwRERERERQUFBQUFBQUFBQBBAUFCAcIDwoKDxQODg4UFBQUFBQUFBQUFBQUFBQUFBQUFBQUFBQUFBQUFBQUFBQUFBQUFBQUFBQUFBQUFBQUFP/CABEIADsBkAMBEQACEQEDEQH/xAAdAAABBQEBAQEAAAAAAAAAAAAHAAUGCAkEAQMC/9oACAEBAAAAAL/eRyAyWee/GJSnqbuJ+jrr2qL9z15E5akvlwOjE4dq5epcfYm5xTOB4L9yUcej806q7YoQSTQwb5gaXGeqgi0Ix4vNaHzKI2XyZ8g9lElTeOzMRmWQzX2HyGJ97RPy231FZfx7+p3agPZmaiFHiyksue8w9KzPVIT6C493ls+spDXfBgyL2TSVc3CEfGUuU+bo40Szpic5JIOBkvsm21jarSV8qVrx6s8IjejMLSsz1SE+guPd5bPrKQ13wYMi9k0kkPR6S4j9upt45T8Od5IVYRzZcmoBhc7wGkGvff5mt13LzB0nNdTBjoDj3eWz6ymMt847kpsckkgTGDAN++Lzp3Bz6TvkWK8iEu2H+dUoZYyb5Y2bucHs29Hijkjce3+eBhtlj3c+xrpnvFNQa8VR07SSF00a5F8ONgk/V8e9l6HkWVu8lPEyOVxe2DU8jHXaw2IDVY65tdTrz9bPybD3Sxr6bnz9JfmvbrzjQqDUlDElDAxCIpGyvLHDODyQWXlySSSSSSSSSSSSS4qeOkg5SEAim9wT8z0cuFqfPWeujjYv7r//xAAbAQEBAQEAAwEAAAAAAAAAAAAAAQIGAwQFB//aAAgBAhAAAAAWAAAAAAHs9f8AXz8LksLYS3KprJUayAAB5v0r2qnx/wA9tkai5VN4KjWQAAOs675nC+fvvY/Pvj3JbLlU3gqNZAAA777nB/Bdj1PIcrcmouSzeCo1kAADtel5rir+ifV4jnNSNSakqbzFS3IAAHQd0+f5fb8H5j4lIURVkpAAAHae59TzPS4T5oAAAAAAB7Pb+DiMv//EABwBAQACAwEBAQAAAAAAAAAAAAABBwQFBgMCCP/aAAgBAxAAAAAAAAAAABr6u5f17KzfUAAAASAAjFoDW/Mz1V4SAAAASCEhCs6w6C5MOlcG8OrAAAABMSiUShSnH3P2iq64tGygAAAAlEgEVJX9gW38UXzdv94AAAAAADh6cje42szf0LkgAAACSYAIqXV87iRt7n3wAAAASBEolBr6hzLd9X//xAA0EAABBAAFAgMHAwMFAAAAAAADAQIEBQAGERITEBQVITUWICMxMjM0IiRBJUNUQEJEUVL/2gAIAQEAAQwC6SrCFCTWXIYHC5qoU/5eI13UzF2x5Y3P6Oc1jVe9Uazxer/zQ4GQZWIQTkezBjgjs5DkaIYJsOS5WR5Ayuw6wgMcrXyhNcIwjN3he0jOhLKvC9RllCYQEyLK17YzC9fFK3ds7sO73HOaxqueqNaGTHka8BmF6TJkaBHdKmE4o4ijOJhxLuF0aQbnKxr0V/QhRBbvM9o29FOFpmx1enP0kygxB8h3bWyb2SRdI6IFjpkx/wBUgi4ZPnD82yH4iX7kXbMb5MewjUeNdzOmYs1PGR0Cqdo+JBnW0nZHa40hmRJG3UkxjX22Xp9SnIbaWNS5ol1rmhlKsiCEwziaYLkeLMvoU7Gif9Yyp6DE6Z6/AipjJKJ4w/odE7g3l55G9MP1uUTxed5YyL6hK6S/xTYEiaj8vdsmOzDmnwSQ9yVdhWxKPM1MtQnA6qtLN0u/WVK5o1jOnTckx3zi8smTJsouZaqpjydIVNYzpuYbgBC6wbh7ylg1THqNDwaeojusWQxjUxLmNHiyyzP3O6wn2M+KGWsWK2fNlR6xCOYpg9z4xaTSTFSIeTcpU+Nd0gys+JmUjv4wczI4nmJ5MlSizDKYvTVE61dgsIux6/tcZmsXVtUR410kfJMUFYyrrRC0+PgomGG4RG7h2cJa6wkQv4yRYu1LVEX9OZfQpvTKnoMXpnv8KJjJPrD+hvvmxkb00/W59XnYyL6jK6TvwpOA/wBv3bbLciRZJc1Uzs59Xlx8ecttayln2fslOaWwFHseKtLlGcSohwO+Zzz8vWJrGLawp7QzqLL8mnmyzumc8ezryTFjyIpUBO7KwnR5Ma2KLhdW3R2xe5kx1WCO2K+wNCKIQ/BXR/DEhFRGgrJAzz2FIx9e6nuHQwwVlA4gQZYLWRN5BujYzCddBRk6V8B08u3XaEMGJHbtGJuJVXDkt+hGEkRyRTOAX6sUx1PBajvqz45dsBn8RGoSXHYvy65zYjbrcnzy09R3sLbjMvoU7plT0GL0z3+FExkn1h/Q33zYyN6afrc+rzsZF9RldJ34UnAf7fvybRRyVhQ4z5kuzt3yKsBIKGY+OxsGve/4rEp7gkqtIWc1GTg25WxIDXCWVa+PR2QpMuQIgSTLiaFIqDgEQpZ83xrYEBS4bdxew717HsVl1tdIFNjPin8dakVswkQzI8azcWYsGTFfFPi8VVsF6ULUSBqnz6Ziam+O/wD3Yy79EhMZ5jq+FGlJhhFERhU+YSsOJhh+bOmazoe8Pt80yjGU90Mmn6MyedFO6ZTVFoovTPa/tIbcZJaq2xndDffNjI3pp+t15XE7XGRlTxKSnSwVGwJSr8gNVXCanz94chaufZdxHORWRTCJUx5SIyTdoZ1RMZHYpDX9dJZG7isZvOv9JtnHKEj4j4k2R+6JHexbVzhWlXIcIj48ERvFbSSRqtGkeW6uiSXBkMLJA09bZEhDlSZlkAhZNSAY1UCoT2kQjxv4sZgFpIEb+MUk5gVWKVdGYVUaiucujbSYk2TuZ9nFALbEcVcTogp8UsQ3250GRXSnxJKfrytmMIBNrJ79jWuRybm+aXeYItUFzWvQk5VIUiqupDZap1qoSqb8yZHSXENFd8iCIAjwGTaXJNkJBEqyu2lVdPNflm20FYTmBjO3x8kQXDjHsCJp0N982MmSo0etMhzjEviVf/lhwKQCRqoCsKmboTotu8+nwqCe2ttQyCroBrmuajmrubm22FGryQWuRZeW4Lp9uBNPhe6S6TeZsWHImMJMihGwsgzQMkJAaUFnJK1mEMFzORpGqMUqMd7hhMwhDzokdVYUzGmi2JJIIBOJEI+ZEG9oyHG15jgjs5JBGiH3UbZy8zOLe1FaiuTWPJ52lI5EaIMuLJ845xlTF84aQka5NX9A2U4CbRmXaeZKleRyq5uI4CSjNAL6giYATAj+jFnUwrYXFLZriZkmxEq9o9kkTctZkYm1gHtaDJ10V3xGMjpT5Zg1K835EvpeZZj2y9wJ3BNJlG+G7Rgmkw+gzUVuwrSvZW5JM5yPtHowQxsExoxtRrMHybcLIKo+Fw/Yu6X5tBj2Kuf/ACDGWKG0qJhSSeJI9jWxbSOsaU3VszJdoFy9qrJIh5fzUFvGFhRsj5OuZBdZO0Daqpi1EfgjJqvuKqImq+SSmS6JO7hSENArwgm2FpKmMaQ0WNFNeHC8TeDiASoMEbW9scAWX9ekUTWP2RfY89gVrDTOAaXteHRNyAi+yEqaSOxxxAZJvXhmaFwUAH0lpsGzimaHvq0A/nGYw1fVR3tRkMQI6ZmVQDY3pcc8uYgQDcRo6Se/zVrR4MA0Z2w7FGvSLCkzF0Cz9MCvFBHo39Rf9Yb7T/pxS9t38Pi8O333b+Jm5ew33nB3kbm7PFdxbR6eHazuPx6v3dtvN226b6XyD4fEaz8PWTs9lvPs+O17f+n8nZbQ8XhFt6ZjLnFtl8PbbG8Hs4707ip+DxUWzsfck/ZX7eCcO5d3YYjcfImzsMM+lPl1/8QARRAAAgADBQQEDAMECgMAAAAAAQIAAxEEEhMhMRAiQVEyYYGyBRQgQlJxcpGhscHRI2LCM1OCkhUkNENEY3Oi4vFAg/D/2gAIAQEADT8C2fnah90dSTD+mPRJut7mptXMscgI/wBRYbNWXMHZpec3R8YGZCMGNOzYMiC61+cekhvD4bV6Ss6giF6Vxg1PdtrSl9dfJGpOQga3GDfLYlLznrNOETFDo3NWzG1ekoOY21C3mNBVsgM9rguicSq0qfjt4cyeqOZ3m+0e1T5R1m8PjH71PqPtDZgjau7OtOtDyT7wc3mudOtmMclQkfOP38vQHrB0jiDm6eyfpDi8jDQgxh/XZvd87DP/AEGMBu8uzEfvGMc91duO/wA4wR3tmG3yio8mxS8WbKU0xHy1/mEWl7s6SpJFyoB15gmPBwcSt1QAwvHlwpSLbaQqmgG6CeVPRh5SmZICjoyga1NONIshEuVLoKBvXrwMW6Y2M65NgylvMAeF7IViwo8xWli6+S6VGteuLXOkymsolrhIJzCoHnVUVzJiy4SqZaKzl3S8c3rlmOENbWstpGGCswSC9XFdOhXLjFjuI0u4pFxZeIVrwpe7YnYbSLEEVpSrPYKoJO8WzzNdeEWaxIvbOmE/o2IKmPMXgo8lzvj0T6X32TfwZR5FuPYNjgTJ7cS5+2mxxddToQYlNuE8VOa/CP20j9Q+sYf1Gze752Y36DGA3eXZiP3jGOe6u3Hf5xgjvbMJ+7GXk0CvVbytTL5RS6jkXUlj8ojwgzPNlhKzKmuVeWedNRFinGbKa5uBeA7Nc4lSRImzHl3gdasB110i07xUrvl69Jj79Isjl5ExlvrvC6ysMsiInymlYdmUil7zrzk5xYpizJdJbUmFQVq+9kaGtBxi02uaL05GZ1w6Sry5ivR0MeD2e9igsXxRR2yI3sye2LczzGFDi1mKEu10oAIsbSms7YbVmYBBUTc+rO7FqSXiLQ4gaUKZZ0px2H8RuzTYn7R/oI5kVPvMcJiZGF48COeyV+GezT4RWa3aLv3hpssHtYeQ8lCewkQzMp9RUxh/UbN7vnZjfoMYDd5dmI/eMY57q7cd/nGCO9swn7sZeWiiZNRCqqitpeZiBU8BFotKWWai0Schv3XTM5NlSsBWmlZz4rJlpUk/OLKl+0oNLrLfRx1MPrFrkidgSqLlQEsxY0Vc6RY3Eu02c0LqzUpShoQbwIpFptGGqMUrhqC9elqQNDpC2JXayBlCiZMmec1aVAXKMTxc2alZuOGu4YA1NeuLPJNquMVe9JXUhlNPWImtKSzdG/NxuS1r74KGdKvFWDoDQ5qTmKjLYEWnx2M7E/LaQyn1Cmy8vyiTMKt6pg+4ES2D/wAprExQ6nqbPbJCyu0Cp+cWdWmMesi6PnGH9dgvj/edmKT7lP3hZBr2sNmI/eMY57q7cZ4Mj5MNglP3TBKL2k+XaZiz7PMkyzMxFw1S5loQV86kWq2z/CE+WDUKbrvdr1XlETJTS0RczV936wJBsM6UuryJm770O8O2JtllSJM2UjTbpklqqQtSK3gRHhDwhZ5jSfOl2az0oX5VuVPKsSseplIZn4jKFUG7zq2cOZEuSTxWXLrl2sYs1tnT7aktaTvxcTeQEG9S8NNRE+Wtn8YtCkOyOaXUBC7q1JNFiXaMWY4GSiVKa7XtIgWS5KmBSUvNMq9W4dFdjrd7V/72Oay24XuWwakwguy+vmdk18vUuUTVunq6+yE0bgy8GEL/AGae3Rp6J+kHQiCKS5IzoebcgImtnxZnaLRvTvy8l7InIye8RLJR16xAYzJNfODageqOcWUEXxmpdtafKLQbkr2E49p2Yj94w04kB3Cml1ecf6i/eBqUYNT3RaxiIfzAUYQay5p5K/Hsg5gjMRaRcuDVUOpPyiQcaaeFF0+PlWclJ0yQFuhl1UXmF4jjSH6OKRL70SVZZU1nCp+LSvVwjLeBFM9Il9NUYMV9dIulhKLAOQOQi2IJsyXiCstGW9WhzbllDmiKzgEnTKPTchR7zGW/eF3PTOG6I5wjEJMDq4ZAOllp6o0/DYNp6tjOMP1/9beAbe+cejovuGxuPIc4QUGwdCYuTr6jHBW3H+3xjkJyAd+OLO4buVj98/m+yOG2lL+qt7Q+sDR5cxR3ipj0WtCkd+B/h5RqT62+0ILqqNABsZ2ZWLkZE10pHt/8Y9v/AIxNl3WCNU3gcuA641Vh0lbmDHDO4/xy+Meik9VHuvwTvzHYTGP8pPxMHOZNbpMf/uHkiJ08f1CYu9etMzPCcdbVoQYkzvFpazADhyVRTlXS9Uk848HyJIsMmguKJ14s6jsC1jwp4WuAL0TLE8DKnVLiTZ7RMmXAFqm4qjLrMW2SzzZzAFmnzsgP4SaAcIsNimNf47xWWufY0W0Tpt4irGZPmHD+YpFgssnxdHzF6YWvzKHjugVi2+EcOVQC5TFSRUe4xZFnWmd+VWXCX31PujwnbZ06euisv4kxE9RouUWexANcAGc2ZlWnUmySOAyvNH5j9o69Ow7eMw5KIbpzDx/826en0e3qjevXPGOX+Hxd33cIw0u42Pf/APfh7t3lejAN2/jYuv8Alf3XtR/SArg4uHeuN+zrlierd1i49y/f8Z/hu7t32ovTsS/4xg07t/nczjxM4dMXGpQ9H8nt5xgJ0r/idMtKb1PR41jxfcveMYnZh54fO9F78S7i+KfxfS5xi+P2OLi9H+9xd71dUeMb1MbxfXzPPvejdjDe5g43jNK+ff8A1Z8vI/zehH5cX9MdeJX/AHR1abf/xAApEAEAAQMDAgcAAwEBAAAAAAABEQAhMUFRYRBxIIGRobHB8NHh8TBA/9oACAEBAAE/Iakrg0gE7ZPpSUJeRPUhRNwxMvUe3U/aSoA1Vr8p90KkpIE6idLoYIWRwTChxPB5uhdECXDQTRGgd5kCSmbyOtq/Cpci2por4Lw3k9JjNTx813DPhMKcrgOVryJHHeT0HZYsoRCwW6mlW3ZEkCS97j1w6sB7gY6zgkApq4hdWA1epnmrkR2CHVIXAM7AatLtGQF+nvVw84fRTpZNPaJ0AO7TH5/hRvQS0idGgsoR3Dma0mHdimdy2ELuEfO1M/2yGj4oeciCaVjM7sc1NzsTj7pk5+VBtUnOAaxvyyuNXoAnbou9JNTikihD0B6oU6t2ggJjFp1rnC6tCEVj6vT8XfWOI2eTwwEpbzB4djgGMzTopKolVyxIDaSazBIBi3ErMy0pR9VsMQRnZWLNM24hPbTFOijLZULAlzNHy5ezM9ClZYFoQzy2EmwYLZ3vRCy5hxONwWYxs6aAqVIMMN3JT2TzC+E1xFoVOeLmMYRXyVL6sFD7bgxbFgWAcFBOux4f+x6JXdHXscuCmB49En269HIQ70I3GegzyCE0ULkmKnDU1QWfILWwTxlWu0GiGU7YOhbngpsSUsFY2kUj5iautgRdLwfFz1eFg33X/gkMDJj8Lb0/B3Vn3fM8Oj77sLvYIiMGtZksJCT0VNMtr0x4wS0qbbSgoNirlwPfDDMsspTMNHsMRBBIxMt1sUuttjLlz7iLLzUkMzCLJ0uhhEslMaNNrEXgjQiO9Gvmv/UYAsdlPOxBGJGEyZCDuUTIAMy6W43WJVqjndXmZS0QxNI/NRCEmJZqKaYqK0BTWkeTLdeXoJeCY7lnul8ujWSIhm+OR9qODbzPvI0qnSoE8xZ864jIZGB36OJLKOU/mFbgUHCT5V7Z/QnwfMoH4ApY+wn8IBvu/wDwSGBkx+Ft6fk7qz7vr45kASlCLELDKhNi9QNVApeoL44GZ1pVqd+PNvkIxIocHcnyYdT3BpUJafiRkAEyW7YmkKxeWc4EQVzm1XJ4r7QYD0JqnkImEMqu0KBBZvFKhqoDPIQuEQi8xRQX2tMEqQkJESaVflnRNaQxRtBS5Udap+7Agki36EDg3mV0DZseR+h1GX5kB89G7IT1/pRQydpKliDF5H0pAOUAIdR9XW/ImFFyW3z5CqCAL/QdBYbpO50RNem7CoaMeyH48WBkENj8zRtbIP5a9LIabRif52B44f1g4XQosshDNRSylWaDN4dygG8DKOBxdQN5NpHgga7sI1qMhZnPiYFCIYijVh7JAUWRWCWQM08jlER2BSECtRjM1wTR3EbuVfnZ1ELSdMbkURuRLhoMsQHLohDU4viaSQ5rVI3BERZRAOZ6MWXreSfjovvq1grK75Oeh8CSiADdrdurunzdOOjFIkew+80JcuQynA5VymTmIIleRfaiJWiIk19I1NotQNC+RInCU4qi4uH5G7pV7MkJSabqtGiTEd4BbeDflayyVXS1NJBfLI8NCQFbiy5CiY2agKALqsBQsZVZMTWoQS3qyhKuWaexPbrgSFWyAJhG3R8ckMFCd5NWbCaGN3lh869HIWEu6HtRJhy8g4RKuZzKfItJZvNXbQ6Ytr3iHiOwKK1KnABb2zah7WKnJJi4vuVbAd0dYolDFb+GVjymLyRViXjtYsSnnQ9YFYFusuNqthxhciwuRYpMPCl2QFlZtBSMvQZbcXArdtZ7tIvpvSIieZJgTbe16jJ+yab3qkle1HXSZXe5LnE9O8CSBdfcdM2cUDithhO2XvRGq2PsHv0Ea/fRrrtQAQI+DpcPXsk7/MYabtdS1zN/or/OhcFIvNbs+im92gKnRADd967z1V7XMMwcWgZonJUmAmpANaYosPyNY79zYPS0B+NG0YPAUAHRh1JCuEyw33pvEPLp/taXDiGaS4qTu/RjeSa7BbvPPjpwEm3sK5go5MgkPYqdxZhOZeDQWPCiTIVsAUiTXCUCKxlQkZqC8/COxxJr6UujN80qmW0YCNaxQBoJHgXxR9Edh5WyS8TqVKzkkgmcyA2iCo1mBAsOcIon4ajCqlvI22tYgUEYUfgF51AUlV87aMwmtWSMMbWvfEcqC0owfXjHmwIoTK7hLfuSxOj0tizZnIb4sRrQcIiQnfSdbRZ1PYeixm1AVf7K17FJtsS/A2Nj/wBv5nt/txXylHLvN+bSvzcr8gcVvPyVD9WTX7OY2kxobq/CEn9Fxev5IGXj++YrAe4mrrW+ZMXqy3zuX8SaGtXdV9pP1vnWH0PLNesf267NXWeremn88fjP9U2tW63dsnl+7Dwfq+qt+p/eFfsTxX0Y/q46/wD/xAApEAEBAAIBBAEEAgIDAQAAAAABEQAhMRBBUWFxIIGR8KGxMNFAweHx/9oACAEBAAE/EM2S4FFIImPFH8WEbAKw35f8skVfeh4AlfWKWdHyhElVQAA5XBy8POMBn+IpLonw9EZojyrEKzRm0hXoJSELq5dXGG25fsARPDiIVSYsA1B531UI4kQWGqjw5Ca9H7CEAzS9EBVA2rxgYm4B0mad97fSmYBwLlQAfOdn27n8cJffST3CWg6BEJggBkABCEEDsvVXmxvrNxfu6h0FjwTII3OQDeUsu3YdEPvl1AjymvvqFQPhtQu09ffWbRoDC4rb8IfLHWg7BvsIGdwjFh8gcUeUFw+2+nlWAa8HLdxOiSQvrBW6qAEFVG3ZpsXNxQcib0wvyuxwEkFnjOzr84W+yKnDWCrxSnUOMrwTS8O0uatOQ6ySisxqD7/jAKtixPI3MIBaa2GcPsc7AgB2DoUNfeUWmuMH3yYA/YyYD5BqK1VzWmVDwW8OC8vRxyoEUVduVwXJQgBvoRv7bTn15FHYkbHm19PfGRMi4UEPwBylnri6jkoBhERxsgHCxNJRcpz3ycWAwfRhT5ZeICOLfZk4h7ZTTt4GYKXkecKnwst10SSxdxCrBXz35jQgoWy48sSEETonQWtSYdmsh26VBnYdQ57gHojjQmXENBkY0UBPBsK4gcIDEiSjL056Sg4VFLLeyj5W9KkyJtBoDuiB5cjkWlap17vzPU6d4zyD+8FiHkb0TmgFahAex4HJvkxAIKKJsRyBswQhH3oJ7MzzDDXIH3yq4cQNEIdLzFh6vK5DBJZiA0D5HNgZ5UT7Yo7jgGDJJxBeSENb6yv4f+GOzn4/+18uoRIwxIJz9TUf0COg0i6UDmSAqvAsMaQJdwHQIUnLhadNGCBWAKC3LcnlkAJoqdwtGM1FS4nx2JRITJMERvmhpgAW4EycRAjRFhB2IpGdUEdskBDrJ5fBwraCJZKHdK2wEphVUKG9BA5RMkGxZURIgEcxEMLb8y9Nn0M3o1NzVvmnqQC5RGiqJjqQ76qfKUON9GGL8kZ/FfYdJGGNH3qmp28N+DIg80CZzQL84AzT4MiADeQYWRUfJe3sO3Zp2xBESjpH3i23aWAtwFM74b2V9j8+DfTt7/x44Wt6ney13Br7weqM2bZT8g9cv4f+GLzn4/8AtfL6Akn9r5+s170P2zQuxCNjVPPW5zORK8EEKZCPNHUi2LFjHGLOiETJs4PGTQ+2VYWBbWuCrBZyuu+5BDLWGuzyXBjVHGlRAx8qxPJz1abgri1l9da3pmLuUBRAEXmUCN8qiqubhKv6FcrfSBMLM4cz7mNtAinTvhieEJ93pGbyK0Q/A9Zee0FPwlfno9zq3iqP9MnXkRUIHXBA/OblA82qbiRxqiCpT09FmTXpCTUdeLPjIbMLuBDxX8Jx4TVh4S/gMN7OHCIIqdqA/np2odXdJ/TLFzfDW/sw+j8fcGaDT1U/I4qeNVLtAfZgjs3jHCsWEO9hPvBN0dn3+t0MVXFJinQAMqGPNAViEuF02NTGlRn3TDelPAXFaUMgrjcZogjB0tT+AXKqGBZVAXXfc1hWHGIa/wAmksIBTaYrvAd8d4a53MYBV44xAJvvmZXzFTz5kpmqqjhzcAhaD1tDzi7JM64wJypHi4ekeHvVSPyn46C/tyAxZ41K+RynR4Qjm8KkAMQurkiS6B4HPgHv0fYqU5IE+RlLw3LuPWB7jENsrC6EJGd8rTsxxxtsNRPNL7QiFEXQEcNKETEraJQQoe6D4B4u3AAo1Ab0YMOo0MCB3CxRz2kxvw2BCYqeFuATOGKAfxT0ma5sUOrMNKN7OzgkDqsDaq9jI6VUThehyNNTWM1QQRVDTaQff1/SCHOotiKp8dNAOTbhgCkUNXOBDZaoLiGHwMfReFkURuC3ywVMBga0AidzNH098JpYFF2tOHASpz6kq4pA9L2+rRiObkFf8Dcm2HeafEVyEj5DJ8wbZtFYXvFnOaxwtVBaVo5G6TnFmRtgGHDRNDeM/s2fUAkfGJK44QxAnoq1gOTFuQxlwbgt1zhp5NngIhe28GJXuUSM9hR39MbgoBKjCtgKnbeOg9+MVINMsbPOcFKlpFG8Ap2vQpADeVfbAIe+iAQFaR2YlKMBJ2RQY3wkjtHCgGfLopB4DQfjj8sO+eUjORlfK8vvIPOC7QjHeQig8Je4Yp+0BPtD+w0ZUJEZd4jMv+aep3RBONHzjDhJTAgClmml9NdHJxMIEPAIrwgDyazcx/7Gi+IDA69soryw/ccc5SSGuIJ8JbNA5wv7YjodoAIY+sXYSgyWkEIIxiFcKX+elzp7QHdYDQ0rwzHxIHQhBwwNcRNImKt0szuw8r2J6zsNEHTvRB9sefJyhU2uLSQ5zGChDg1DjdX6AHiVgBVV0AZ2KcObROVBymR3ZE7wmHnw7CJYgiMWxKCHhoLJQ+xcc4WN12zGZYPRBihj0KHfBm251ERCbTSAmCO+S1GxdiFnOINftgiaNpCATe82RrMLsEX6zTVUDTjSDiyR2SVN5xebsKGBBXtUbgwRpTkS4a7pO0KYoHh3xyEEnbg09GOKcWt9QRP3Y/qwCrKEJvtxsKqI8eqNL4cE5MAVAO7oxeRMGi82cfa4iCUTBjgNx7H3r/zf053/AG+We4viW3238Fj/AHD817/+/j/eqHePbfK99Jymhn/Z9WfaHPDN/paG+wT3/K5+qt8PS/OufqG6e3yL/wA6S/pJ7eeWeKPctvvfaNJn/qRqX+/+nPgB/wC1tx36WT2m32ugOO3fjp/BZfYNfn/aZ5/v7mXP171/8uv/xAA1EQABAQUDCAgHAQAAAAAAAAABAgADBBARBSAxEiEyQVFhkbETIkBxocHR8AYwUIGCovFS/9oACAECAQE/AJ0+kQ8M8fqyUCp5d7Q9huUCrw5Z4D1ZMG4TghPBlwEOsZ0J5cmirBBzuT+J8j68WWhSFFKhQidJVuC4GMqXAx7O5cqerCE4loWFRDu8hH3O0+8JAEsRSVp2eIlGUnTThv3ekheLC4GMjcDHs9gOASp6dXVHnK0I4QqK4qOA8zu5s+jn701Uo8hwaGtN+5OllDYc/wDGh4hL92FpwPhulbDgOog0wV1uOPiwuhqMLgYyNwMez2IAIbvUfKVuKJiaHUB6z+H1HJWnVmPOXxCOs7O482F4sLpkbgY9nsB7V0pGsGvH+StqBU8AeoFSkUPdt+2uSUlRoM5azIMwzmitJWc7tglbz3KfhP8AkeJz+l83jI3AxkOy2ElRiKjAA199831nQz01UgV3ZuTOINy4zu0gHbieMoh+lw7LxWA8TsZ89U9WVqxUazr8mvyK9nsjo4dwVrUElZ1nUPZZ5bUMjAlXcPVnL92+FXZCh71Tio11DjrnPsGPvvaOj1xSqnMkYD3r+nQ2mNL8cWd9Jk5un+/R+bROXkmvT/pT9WXpHzn/AP/EAD0RAAECAgYFCQUHBQAAAAAAAAECAwQRAAUGEjFBECFRYYETMlBxkaGxwdEUIjBSgiAjM2KiwuFAQ3KD8P/aAAgBAwEBPwDouOrBiCb5R5V0d5OwDM0j7YxTpIYAaTtPvK9B39dHK0jHOc8s/UR4SozXUc0ZpeXxN4dip0q22agQmKTq+dPmn07KMvIdQFoIUk4EdFZaIuKbhmVOuGSUiZ/7fgKVlWLsc8XXPpGSRsHmc9BUBiaAg4aLPV2qAdCFn7lZ1/lPzD927XlQGf8AXTpOk6T+FbaMIDcOM/fVw1J75nhoqOplVi8UzuoTzleQ3nuGvZSEqeDhk3W209ZEzxJ10rCz0HFpM0BCslJ1H0PGkfBOQb6mXMU9hGRHX/Giy0YYiBSFGamzcPDD9Mui7XqJrAg5IT56LHtpTAAjFSlE9svAabcNpDjK8yFDgJHz0WHJuPD8yfDoAfDtrDFMQ27kpN3ikz8DoslXCIdRhnTJKzNJyvZp45b+vQtaUJKlGQGZpaGtBHxV5H4aBdTv2q45bgNFi4YohFOH+4o9idXjPou2S2xBBKhNRULu45nsmOOg0ha9j4ZN1DplsVJUuqeukbWsXFiTzhUNmCeweeiBgnIx5LLeKu4ZqPV/FIWHRDtJaRzUCQ6Cz0Z/btR7RGxgaZQpYaGQMrytZ14YSoxZKsHBMhKP8lek6RcG9CLuPJKDvwPUcDoJljSrqpiY5Umk6vmOpI459QnSp6laq5uSfeWrnK2+g3dHR/4J5n+zm8aRHI3je9j+nlv26qVfyXKC57Fx5Wf66NcwYYZYcNP/2Q==" data-filename="city.jpg" style="width: 176.271px; height: 26px;"></div>\r\n<div style="float:left;margin-left:5px">\r\nJere Klami (Mr.)<br>\r\nTimo Mukari (Mr.)\r\n</div>\r\n<div style="clear:both;"></div>\r\nTo contact us, email <b>df.thangld (at) hotmail.com</b>');
INSERT INTO `journal_contents` (`id`, `journal_id`, `locale`, `title`, `content`) VALUES(281, 9, 'fi', 'Privacy Policy', '<p>Privacy Policy in suomeksi</p>');
INSERT INTO `journal_contents` (`id`, `journal_id`, `locale`, `title`, `content`) VALUES(282, 9, 'en', 'Privacy Policy', '<p>Privacy Policy in English</p>');
INSERT INTO `journal_contents` (`id`, `journal_id`, `locale`, `title`, `content`) VALUES(285, NULL, 'en', '[SketchupOulu]Activate account', '<p class="MsoNormal">Thank you for your registration to SketchupOulu. Please use&nbsp;the following link to activate your account:<br>\r\n<br><a href="{{activate_link}}">{{activate_link}}</a><br>\r\n<br>\r\nThanks,<br>\r\nSketchupOulu team<o:p></o:p></p>');
INSERT INTO `journal_contents` (`id`, `journal_id`, `locale`, `title`, `content`) VALUES(286, NULL, 'fi', '[SketchupOulu]Aktivoi tili', '<p><span style="line-height: 18.5714px;">Kiitos rekisteröinnistä SketchupOulu. Käytä seuraavaa linkkiä tilin aktivoimiseksi:</span><br style="line-height: 18.5714px;"><br style="line-height: 18.5714px;"><a href="http://vm0106.virtues.fi/admin/create_journal/%7B%7Bactivate_link%7D%7D" style="line-height: 18.5714px; background-color: rgb(255, 255, 255);">{{activate_link}}</a><br style="line-height: 18.5714px;"><br style="line-height: 18.5714px;"><span style="line-height: 18.5714px;">Kiitos,</span><br style="line-height: 18.5714px;"><span style="line-height: 18.5714px;">SketchupOulu&nbsp;joukkue</span><br></p>');
INSERT INTO `journal_contents` (`id`, `journal_id`, `locale`, `title`, `content`) VALUES(287, 120, 'en', '[SketchupOulu]Activate account', '<p class="MsoNormal">Thank you for your registration to SketchupOulu. Please use&nbsp;the following link to activate your account:<br>\r\n<br><a href="{{activate_link}}">{{activate_link}}</a><br>\r\n<br>\r\nThanks,<br>\r\nSketchupOulu team<o:p></o:p></p>');
INSERT INTO `journal_contents` (`id`, `journal_id`, `locale`, `title`, `content`) VALUES(288, 120, 'fi', '[SketchupOulu]Aktivoi tili', '<p class="MsoNormal">Kiitos rekisteröinnistä SketchupOulu. Käytä seuraavaa linkkiä tilin aktivoimiseksi:<br>\r\n<br><a href="{{activate_link}}">{{activate_link}}</a><br>\r\n<br>\r\nThanks,<br>\r\nSketchupOulu joukkue<o:p></o:p></p>');
INSERT INTO `journal_contents` (`id`, `journal_id`, `locale`, `title`, `content`) VALUES(289, NULL, 'en', '[SketchupOulu] Reset your password', '<p>We heard that you lost your password. Sorry about that!</p><p>But don\\''t worry! You can use the following link to reset your password:</p><p><a href="{{link}}">{{link}}</a></p><p><br></p><p>Thanks,</p><p>SketchupOulu team<br></p>');
INSERT INTO `journal_contents` (`id`, `journal_id`, `locale`, `title`, `content`) VALUES(290, NULL, 'fi', '[SketchupOulu] Nollaa salasana', '');
INSERT INTO `journal_contents` (`id`, `journal_id`, `locale`, `title`, `content`) VALUES(291, NULL, 'en', '[SketchupOulu] Your new password', '<p>Finally, support has come to help you :)</p><p>Your new password: <b>{{new_password}}</b></p><p><br></p><p>Thanks,</p><p>SketchupOulu Team</p>');
INSERT INTO `journal_contents` (`id`, `journal_id`, `locale`, `title`, `content`) VALUES(292, NULL, 'fi', '[SketchupOulu] Uusi salasana', '');
INSERT INTO `journal_contents` (`id`, `journal_id`, `locale`, `title`, `content`) VALUES(293, NULL, 'en', '[SketchupOulu] Reset your password', '<p>We heard that you lost your password. Sorry about that!</p><p>But don\\''t worry! You can use the following link to reset your password:</p><p><a href="{{link}}">{{link}}</a></p><p><br></p><p>Thanks,</p><p>SketchupOulu team<br></p>');
INSERT INTO `journal_contents` (`id`, `journal_id`, `locale`, `title`, `content`) VALUES(294, NULL, 'fi', '[SketchupOulu] Nollaa salasana', '<p>&lt;p&gt;Kuulimme, että olet unohtanut salasanasi. Anteeksi tuosta!&lt;/p&gt;&lt;p&gt;But don\\''t worry! You can use the following link to reset your password:&lt;/p&gt;&lt;p&gt;&lt;a href="{{link}}"&gt;{{link}}&lt;/a&gt;&lt;/p&gt;&lt;p&gt;&lt;br&gt;&lt;/p&gt;&lt;p&gt;Thanks,&lt;/p&gt;&lt;p&gt;SketchupOulu team&lt;br&gt;&lt;/p&gt;<br></p>');
INSERT INTO `journal_contents` (`id`, `journal_id`, `locale`, `title`, `content`) VALUES(295, NULL, 'en', '[SketchupOulu] Reset your password', '<p>We heard that you lost your password. Sorry about that!</p><p>But don\\''t worry! You can use the following link to reset your password:</p><p><a href="{{link}}">{{link}}</a></p><p><br></p><p>Thanks,</p><p>SketchupOulu team<br></p>');
INSERT INTO `journal_contents` (`id`, `journal_id`, `locale`, `title`, `content`) VALUES(296, NULL, 'fi', '[SketchupOulu] Nollaa salasana', '<p style="line-height: 18.5714px;">We heard that you lost your password. Sorry about that!</p><p style="line-height: 18.5714px;">Mutta älä huoli! Voit käyttää seuraavaa linkkiä uuden salasanan:</p><p style="line-height: 18.5714px;"><a href="http://vm0106.virtues.fi/admin/edit_journal/%7B%7Blink%7D%7D">{{link}}</a></p><p style="line-height: 18.5714px;"><br></p><p style="line-height: 18.5714px;"><span style="line-height: 18.5714px;">Kiitos</span>,</p><p style="line-height: 18.5714px;">SketchupOulu&nbsp;<span style="line-height: 18.5714px;">joukkue</span></p>');
INSERT INTO `journal_contents` (`id`, `journal_id`, `locale`, `title`, `content`) VALUES(297, 121, 'en', '[SketchupOulu] Reset your password', '<p>We heard that you lost your password. Sorry about that!</p><p>But don''t worry! You can use the following link to reset your password:</p><p><a href="{{link}}">{{link}}</a></p><p><br></p><p>Thanks,</p><p>SketchupOulu team<br></p>');
INSERT INTO `journal_contents` (`id`, `journal_id`, `locale`, `title`, `content`) VALUES(298, 121, 'fi', '[SketchupOulu] Nollaa salasana', '<p style="line-height: 18.5714px;">We heard that you lost your password. Sorry about that!</p><p style="line-height: 18.5714px;">Mutta älä huoli! Voit käyttää seuraavaa linkkiä uuden salasanan:</p><p style="line-height: 18.5714px;"><a href="http://vm0106.virtues.fi/admin/edit_journal/%7B%7Blink%7D%7D">{{link}}</a></p><p style="line-height: 18.5714px;"><br></p><p style="line-height: 18.5714px;"><span style="line-height: 18.5714px;">Kiitos</span>,</p><p style="line-height: 18.5714px;">SketchupOulu&nbsp;<span style="line-height: 18.5714px;">joukkue</span></p>');
INSERT INTO `journal_contents` (`id`, `journal_id`, `locale`, `title`, `content`) VALUES(299, 122, 'fi', '[SketchupOulu] Uusi salasana', '<p style="line-height: 18.5714px;">Lopuksi tuki on tullut auttamaan sinua :)</p><p style="line-height: 18.5714px;">Uusi salasana:&nbsp;<b>{{new_password}}</b></p><p style="line-height: 18.5714px;"><br></p><p style="line-height: 18.5714px;">Kiitos,</p><p style="line-height: 18.5714px;">SketchupOulu Joukkue</p>');
INSERT INTO `journal_contents` (`id`, `journal_id`, `locale`, `title`, `content`) VALUES(300, 122, 'en', '[SketchupOulu] Your new password', '<p>Finally, support has come to help you :)</p><p>Your new password: <b>{{new_password}}</b></p><p><br></p><p>Thanks,</p><p>SketchupOulu Team</p>');
INSERT INTO `journal_contents` (`id`, `journal_id`, `locale`, `title`, `content`) VALUES(301, NULL, 'fi', 'Skenaarioiden muokkaaminen SketchupOulu-sovelluksessa', '<p><font color="#333333"><span style="line-height: 18.2px;">Tässä ohjeessa kuvataan SketchUpOulu -sovelluksessa käytettäviä toimintoja ja näppäinoikoteitä. Mallikokonaisuutta kutsutaan skenaarioksi (Scenario) ja 3D-mallin osia kappaleiksi (Model). &nbsp;</span></font></p><p><font color="#333333"><span style="line-height: 18.2px;">Näppäinoikotiet ovat käytettävissä, kun hiiri on skenaarion ikkunan päällä, tai sovellus on koko näytön tilassa.</span></font></p><p><font color="#333333"><span style="line-height: 18.2px;">Skenaarion muokkaustilassa (edit scenario) on kolme eri osa-aluetta: ohjauspaneeli vasemmalla, skenaarionäkymä oikealla ja valittavissa olevat mallit alareunassa.</span></font></p><p style="color: rgb(51, 51, 51); line-height: 18.2px;"><img src="http://vm0106.virtues.fi/static/images/email_pictures/ac9MTzDCJru4YWyyH5jPSxrdKXebY8M8AzvzKl1t9c7QGUrb0T.png" style="width: 759.111px; height: 427px;"></p><p><font color="#333333"><span style="line-height: 18.2px;">Skenaariota muokatessa hiirellä voi ohjata skenaarionäkymää Shift- näppäimen avulla: Voit liikkua skenaariossa pitämällä Shift-näppäintä pohjassa samaan aikaan, kun liikutat hiirtä. Pitämällä Shift-näppäintä ja vasenta hiiren nappia pohjassa voit pyörittää skenaariota. Pitämällä Shift-näppäintä ja oikeaa hiiren nappia pohjassa voit siirtää skenaariota. Pitämällä Shift-näppäintä pohjassa voit zoomata lähemmäs ja kauemmas hiiren rullalla.&nbsp;</span></font></p><p><font color="#333333"><span style="line-height: 18.2px;">Skenaarion keskellä näkyy ruudukko, jonka sisäpuolella 3D-mallin tulee olla. Voit kasvattaa (Enlarge Scenario) tai pienentää (Shrink Scenario) ruudukon kokoa ohjauspaneelista.</span></font></p><p><font color="#333333"><span style="line-height: 18.2px;">Voit siirtää 3D-kappaletta valitsemalla ohjauspaneelista ”Move Model”. Tämän jälkeen valitse liikutettava kappale pitämällä hiiren vasenta näppäintä pohjassa ja siirrä se haluttuun kohtaan vapauttamalla näppäin.</span></font></p><p><font color="#333333"><span style="line-height: 18.2px;">Voit poistaa 3D-kappaleen valitsemalla ohjauspaneelista ”Delete Model”. Tämän jälkeen valitse poistettava kappale vasemmalla hiiren napilla.</span></font></p><p><font color="#333333"><span style="line-height: 18.2px;">Voit kasvattaa kappaleen kokoa valitsemalla ohjauspaneelista "Enlarge Model" tai pienentää sitä valitsemalla ”Shrink Model”. Paina tämän jälkeen kappaleen kohdalla hiiren vasenta nappia.</span></font></p><p><font color="#333333"><span style="line-height: 18.2px;">Voit kääntää kappaleen suuntaa valitsemalla ohjauspaneelista " Rotate Left " tai "Rotate Right". Paina tämän jälkeen kappaleen kohdalla hiiren vasenta nappia.</span></font></p><p><font color="#333333"><span style="line-height: 18.2px;">Voit peruuttaa viimeisen toimenpiteen valitsemalla "Undo" tai tehdä uudelleen perutun toimenpiteen valitsemalla ”Redo”. Näiden näppäinoikotiet ovat Ctrl + Z ja Ctrl + Y.</span></font></p><p><font color="#333333"><span style="line-height: 18.2px;">Voit valita ohjauspaneelista vaihtoehdon "Build On Top", jolloin 3D-kappaleita voi sijoittaa toistensa päälle. Valitessasi "Build On Ground" lisätyt 3D-kappaleet sijoittuvat pohjatason korkeudelle.</span></font></p><p><font color="#333333"><span style="line-height: 18.2px;">Alareunassa näkyy valittavia valmiita 3D-kappaleita sekä sovellukseen lataamasi 3D-mallit. Klikkaamalla 3D-kappaleen kuvaa voit lisätä niitä skenaarioon.</span></font></p><p><font color="#333333"><span style="line-height: 18.2px;">Voit tallentaa skenaarion painamalla "Save scenario" tai Ctrl + S.</span></font></p><p style="color: rgb(51, 51, 51); line-height: 18.2px;"><br></p>');
INSERT INTO `journal_contents` (`id`, `journal_id`, `locale`, `title`, `content`) VALUES(302, NULL, 'en', 'Guide on editing scenario', '<p style="color: rgb(51, 51, 51); line-height: 18.2px;">This article describes keyboard shortcuts that are available in SketchupOulu when editing or creating a scenario.</p><p style="color: rgb(51, 51, 51); line-height: 18.2px;"><b>Note:</b></p><p style="color: rgb(51, 51, 51); line-height: 18.2px;">- To use keyboard shortcut, the mouse must hover over the scenario''s area or the scenario must be in full screen mode.</p><p style="color: rgb(51, 51, 51); line-height: 18.2px;">-&nbsp;For keyboard shortcuts in which you press two or more keys at the same time, the keys to press are separated by a plus sign (+).</p><p style="color: rgb(51, 51, 51); line-height: 18.2px;">The scenario editing panel consists of 3 components: control panel at the left side, scenario view at the right side and user''s custom models at the bottom.</p><p style="color: rgb(51, 51, 51); line-height: 18.2px;"><img src="http://vm0106.virtues.fi/static/images/email_pictures/ac9MTzDCJru4YWyyH5jPSxrdKXebY8M8AzvzKl1t9c7QGUrb0T.png" style="width: 759.111px; height: 427px;"></p><p style="color: rgb(51, 51, 51); line-height: 18.2px;">First, if you want to do something with the scenario, your mouse must hover on top of the scenario view. You can hold Shift while using your mouse to moving around the scenario. Hold shift + left mouse button to rotate the scenario, hold shift + right mouse button to moving around the scenario, and hold shift + moving middle wheel for going away or approaching.</p><p style="color: rgb(51, 51, 51); line-height: 18.2px;">In the middle of the scenario is a grid plane. All 3D objects have to be placed inside this grid. You can enlarge or shrink its size by clicking 2 buttons "Shrink Scenario" and "Enlarge Scenario" on the control panel.</p><p style="color: rgb(51, 51, 51); line-height: 18.2px;">To move an existing model, activate "Move Model" button. After that, hold left mouse on an object to move it around, then release the button to place the object</p><p style="color: rgb(51, 51, 51); line-height: 18.2px;">To delete an object, activate "Delete Model" button. Place the mouse on top of an object then click left mouse button to delete it.</p><p style="color: rgb(51, 51, 51); line-height: 18.2px;">To change the size of an object, activate one of these two "Shrink Model" and "Enlarge Model" buttons.</p><p style="color: rgb(51, 51, 51); line-height: 18.2px;">To rotate the model, activate one of these two "Rotate Left" and "Rotate Right" buttons</p><p style="color: rgb(51, 51, 51); line-height: 18.2px;">To undo or redo action, click the respected "Undo" and "Redo" buttons. Keyboard shortcut to access these buttons are Ctrl + Z and Ctrl + Y.</p><p style="color: rgb(51, 51, 51); line-height: 18.2px;">Also in the control panel is the button "Build On Top" or "Build On Ground". It means you can place a model on top of other models or simply place it on top of the grid plane.</p><p style="color: rgb(51, 51, 51); line-height: 18.2px;">Below the scenario is your uploaded models along with predefined models to assist you with building the scenario. Click on the model picture then you can place it in the scenario grid.</p><p style="color: rgb(51, 51, 51); line-height: 18.2px;">To save the scenario, click "Save scenario" button on top of the scenario view, or press Ctrl + S.</p><p style="color: rgb(51, 51, 51); line-height: 18.2px;"><br></p><p style="color: rgb(51, 51, 51); line-height: 18.2px;"><br></p><p style="color: rgb(51, 51, 51); line-height: 18.2px;"><br></p>');
INSERT INTO `journal_contents` (`id`, `journal_id`, `locale`, `title`, `content`) VALUES(303, 117, 'fi', 'Skenaarioiden muokkaaminen SketchupOulu-sovelluksessa', '<p><font color="#333333"><span style="line-height: 18.2px;">Tässä ohjeessa kuvataan SketchUpOulu -sovelluksessa käytettäviä toimintoja ja näppäinoikoteitä. Mallikokonaisuutta kutsutaan skenaarioksi (Scenario) ja 3D-mallin osia kappaleiksi (Model). &nbsp;</span></font></p><p><font color="#333333"><span style="line-height: 18.2px;">Näppäinoikotiet ovat käytettävissä, kun hiiri on skenaarion ikkunan päällä, tai sovellus on koko näytön tilassa.</span></font></p><p><font color="#333333"><span style="line-height: 18.2px;">Skenaarion muokkaustilassa (edit scenario) on kolme eri osa-aluetta: ohjauspaneeli vasemmalla, skenaarionäkymä oikealla ja valittavissa olevat mallit alareunassa.</span></font></p><p style="color: rgb(51, 51, 51); line-height: 18.2px;"><img src="http://vm0106.virtues.fi/static/images/email_pictures/ac9MTzDCJru4YWyyH5jPSxrdKXebY8M8AzvzKl1t9c7QGUrb0T.png" style="width: 759.111px; height: 427px;"></p><p><font color="#333333"><span style="line-height: 18.2px;">Skenaariota muokatessa hiirellä voi ohjata skenaarionäkymää Shift- näppäimen avulla: Voit liikkua skenaariossa pitämällä Shift-näppäintä pohjassa samaan aikaan, kun liikutat hiirtä. Pitämällä Shift-näppäintä ja vasenta hiiren nappia pohjassa voit pyörittää skenaariota. Pitämällä Shift-näppäintä ja oikeaa hiiren nappia pohjassa voit siirtää skenaariota. Pitämällä Shift-näppäintä pohjassa voit zoomata lähemmäs ja kauemmas hiiren rullalla.&nbsp;</span></font></p><p><font color="#333333"><span style="line-height: 18.2px;">Skenaarion keskellä näkyy ruudukko, jonka sisäpuolella 3D-mallin tulee olla. Voit kasvattaa (Enlarge Scenario) tai pienentää (Shrink Scenario) ruudukon kokoa ohjauspaneelista.</span></font></p><p><font color="#333333"><span style="line-height: 18.2px;">Voit siirtää 3D-kappaletta valitsemalla ohjauspaneelista ”Move Model”. Tämän jälkeen valitse liikutettava kappale pitämällä hiiren vasenta näppäintä pohjassa ja siirrä se haluttuun kohtaan vapauttamalla näppäin.</span></font></p><p><font color="#333333"><span style="line-height: 18.2px;">Voit poistaa 3D-kappaleen valitsemalla ohjauspaneelista ”Delete Model”. Tämän jälkeen valitse poistettava kappale vasemmalla hiiren napilla.</span></font></p><p><font color="#333333"><span style="line-height: 18.2px;">Voit kasvattaa kappaleen kokoa valitsemalla ohjauspaneelista "Enlarge Model" tai pienentää sitä valitsemalla ”Shrink Model”. Paina tämän jälkeen kappaleen kohdalla hiiren vasenta nappia.</span></font></p><p><font color="#333333"><span style="line-height: 18.2px;">Voit kääntää kappaleen suuntaa valitsemalla ohjauspaneelista " Rotate Left " tai "Rotate Right". Paina tämän jälkeen kappaleen kohdalla hiiren vasenta nappia.</span></font></p><p><font color="#333333"><span style="line-height: 18.2px;">Voit peruuttaa viimeisen toimenpiteen valitsemalla "Undo" tai tehdä uudelleen perutun toimenpiteen valitsemalla ”Redo”. Näiden näppäinoikotiet ovat Ctrl + Z ja Ctrl + Y.</span></font></p><p><font color="#333333"><span style="line-height: 18.2px;">Voit valita ohjauspaneelista vaihtoehdon "Build On Top", jolloin 3D-kappaleita voi sijoittaa toistensa päälle. Valitessasi "Build On Ground" lisätyt 3D-kappaleet sijoittuvat pohjatason korkeudelle.</span></font></p><p><font color="#333333"><span style="line-height: 18.2px;">Alareunassa näkyy valittavia valmiita 3D-kappaleita sekä sovellukseen lataamasi 3D-mallit. Klikkaamalla 3D-kappaleen kuvaa voit lisätä niitä skenaarioon.</span></font></p><p><font color="#333333"><span style="line-height: 18.2px;">Voit tallentaa skenaarion painamalla "Save scenario" tai Ctrl + S.</span></font></p><p style="color: rgb(51, 51, 51); line-height: 18.2px;"><br></p>');
INSERT INTO `journal_contents` (`id`, `journal_id`, `locale`, `title`, `content`) VALUES(304, 117, 'en', 'Guide on editing scenario', '<p style="color: rgb(51, 51, 51); line-height: 18.2px;">This article describes keyboard shortcuts that are available in SketchupOulu when editing or creating a scenario.</p><p style="color: rgb(51, 51, 51); line-height: 18.2px;"><b>Note:</b></p><p style="color: rgb(51, 51, 51); line-height: 18.2px;">- To use keyboard shortcut, the mouse must hover over the scenario''s area or the scenario must be in full screen mode.</p><p style="color: rgb(51, 51, 51); line-height: 18.2px;">-&nbsp;For keyboard shortcuts in which you press two or more keys at the same time, the keys to press are separated by a plus sign (+).</p><p style="color: rgb(51, 51, 51); line-height: 18.2px;">The scenario editing panel consists of 3 components: control panel at the left side, scenario view at the right side and user''s custom models at the bottom.</p><p style="color: rgb(51, 51, 51); line-height: 18.2px;"><img src="http://vm0106.virtues.fi/static/images/email_pictures/ac9MTzDCJru4YWyyH5jPSxrdKXebY8M8AzvzKl1t9c7QGUrb0T.png" style="width: 759.111px; height: 427px;"></p><p style="color: rgb(51, 51, 51); line-height: 18.2px;">First, if you want to do something with the scenario, your mouse must hover on top of the scenario view. You can hold Shift while using your mouse to moving around the scenario. Hold shift + left mouse button to rotate the scenario, hold shift + right mouse button to moving around the scenario, and hold shift + moving middle wheel for going away or approaching.</p><p style="color: rgb(51, 51, 51); line-height: 18.2px;">In the middle of the scenario is a grid plane. All 3D objects have to be placed inside this grid. You can enlarge or shrink its size by clicking 2 buttons "Shrink Scenario" and "Enlarge Scenario" on the control panel.</p><p style="color: rgb(51, 51, 51); line-height: 18.2px;">To move an existing model, activate "Move Model" button. After that, hold left mouse on an object to move it around, then release the button to place the object</p><p style="color: rgb(51, 51, 51); line-height: 18.2px;">To delete an object, activate "Delete Model" button. Place the mouse on top of an object then click left mouse button to delete it.</p><p style="color: rgb(51, 51, 51); line-height: 18.2px;">To change the size of an object, activate one of these two "Shrink Model" and "Enlarge Model" buttons.</p><p style="color: rgb(51, 51, 51); line-height: 18.2px;">To rotate the model, activate one of these two "Rotate Left" and "Rotate Right" buttons</p><p style="color: rgb(51, 51, 51); line-height: 18.2px;">To undo or redo action, click the respected "Undo" and "Redo" buttons. Keyboard shortcut to access these buttons are Ctrl + Z and Ctrl + Y.</p><p style="color: rgb(51, 51, 51); line-height: 18.2px;">Also in the control panel is the button "Build On Top" or "Build On Ground". It means you can place a model on top of other models or simply place it on top of the grid plane.</p><p style="color: rgb(51, 51, 51); line-height: 18.2px;">Below the scenario is your uploaded models along with predefined models to assist you with building the scenario. Click on the model picture then you can place it in the scenario grid.</p><p style="color: rgb(51, 51, 51); line-height: 18.2px;">To save the scenario, click "Save scenario" button on top of the scenario view, or press Ctrl + S.</p>');
INSERT INTO `journal_contents` (`id`, `journal_id`, `locale`, `title`, `content`) VALUES(305, 115, 'fi', 'Omien 3D-mallien lataaminen SketchupOulu-sovellukseen', '<p style="margin: 0in 0in 7.5pt;"><font face="Helvetica, sans-serif"><span style="font-size: 13.3333px; line-height: 18.6px;">SketchupOulu tukee seuraavia tiedostomuotoja:</span></font><span style="line-height: 13.95pt; font-size: 10pt; font-family: Helvetica, sans-serif;">:<o:p></o:p></span></p><p style="margin: 0in 0in 7.5pt 0.5in; text-indent: -0.25in;"><span style="line-height: 13.95pt; font-size: 10pt; font-family: Symbol;">·<span style="font-stretch: normal; font-size: 7pt; line-height: normal; font-family: ''Times New Roman'';">&nbsp;&nbsp;&nbsp;&nbsp;&nbsp;&nbsp;&nbsp;&nbsp;&nbsp;</span></span><b style="line-height: 13.95pt;"><span style="font-size: 10pt; font-family: Helvetica, sans-serif;"><a href="https://en.wikipedia.org/wiki/COLLADA" target="_blank">COLLADA</a></span></b><span class="apple-converted-space" style="line-height: 13.95pt;"><span style="font-size: 10pt; font-family: Helvetica, sans-serif;">&nbsp;</span></span><font face="Helvetica, sans-serif"><span style="font-size: 13.3333px; line-height: 18.6px;">(COLLAborative Design Activity, tiedostopääte .<b>DAE</b>) on siirtotiedostomuoto vuorovaikutteisille 3D-sovelluksille.</span></font></p><p style="margin: 0in 0in 7.5pt 0.5in; text-indent: -0.25in;"><span style="line-height: 13.95pt; font-size: 10pt; font-family: Symbol;">·<span style="font-stretch: normal; font-size: 7pt; line-height: normal; font-family: ''Times New Roman'';">&nbsp;&nbsp;&nbsp;&nbsp;&nbsp;&nbsp;&nbsp;&nbsp;&nbsp;</span></span><b style="font-family: Helvetica, sans-serif; font-size: 10pt; line-height: 13.95pt; color: rgb(35, 82, 124); text-decoration: underline; outline: 0px;"><a href="https://en.wikipedia.org/wiki/Wavefront_.obj_file" target="_blank" style="font-family: Helvetica, sans-serif; font-size: 10pt; line-height: 13.95pt; color: rgb(35, 82, 124); text-decoration: underline; outline: 0px;">Wavefront .obj&nbsp;</a>-</b><span class="apple-converted-space"><font color="#23527c" face="Helvetica, sans-serif"><span style="font-size: 13.3333px; line-height: 18.6px;"><b><u>tiedosto</u></b></span></font><font face="Helvetica, sans-serif"><span style="font-size: 10pt; line-height: 13.95pt;">&nbsp;</span></font></span><font face="Helvetica, sans-serif"><span style="font-size: 13.3333px; line-height: 18.6px;">(tiedostopääte .<b>OBJ</b>) on geomterian määrittelyyn tarkoitettu tiedostomuoto, jonka on kehittänyt Wavefront Technologies. Tätä avointa tiedostomuotoa käyttävät myös monet muut 3D-toimittajat.</span></font></p><p style="margin: 0in 0in 7.5pt 0.5in; text-indent: -0.25in;"><span style="line-height: 13.95pt; font-size: 10pt; font-family: Symbol;">·<span style="font-stretch: normal; font-size: 7pt; line-height: normal; font-family: ''Times New Roman'';">&nbsp; &nbsp; &nbsp; &nbsp; &nbsp;</span></span><font face="Helvetica, sans-serif"><span style="font-size: 13.3333px; line-height: 18.6px;">Kuvatiedostot: .<b>PNG</b>, .<b>JPG </b>ja .<b>JPEG</b></span></font></p><p style="margin: 0in 0in 7.5pt;"><font face="Helvetica, sans-serif"><span style="font-size: 13.3333px; line-height: 18.6px;">Tämä opas neuvoo, miten voit ladata 3D-mallisi SketchupOulu-sovellukseen</span></font><span style="line-height: 13.95pt; font-size: 10pt; font-family: Helvetica, sans-serif;">.&nbsp;</span></p><p style="margin: 0in 0in 7.5pt;"><span style="line-height: 13.95pt; text-indent: -0.25in; font-size: 10pt; font-family: Helvetica, sans-serif;">1.&nbsp;</span><font face="Helvetica, sans-serif"><span style="font-size: 13.3333px; line-height: 18.6px;">Vie malli SketchUp-ohjelman toiminnolla. Valitse menu File <b>(1)</b> =&gt; Export <b>(2)</b> =&gt; 3D Model<b> (3)</b></span></font></p><p style="margin: 0in 0in 7.5pt; line-height: 13.95pt;"><img src="http://vm0106.virtues.fi/static/images/email_pictures/YZZWBZH921BDfpJSJIiigj0NgDQ9AnoIVvzuBB630sVIvP4gUw.png" style="width: 383px;"></p><p style="margin: 0in 0in 7.5pt;"><span style="line-height: 18.6px;">2.&nbsp;Valitse ikkunasta “Save as type” ja “OBJ file (.obj)” <b>(1)</b>, valitse tiedoston nimi, tässä esimerkissä skyscraper <b>(2)</b> ja tallennuskansio (3) ja paina Export-nappia <b>(4)</b>.</span></p><p style="margin: 0in 0in 7.5pt; line-height: 18.5714px;"><img src="http://vm0106.virtues.fi/static/images/email_pictures/nGnAHiVybfCJQImkmkETqaRw0Qs876VfabVEQHF0UUxrKfbaFe.png" style="width: 474px;"></p><p style="margin: 0in 0in 7.5pt; line-height: 18.5714px;">3. Avaa kansio, johon tallensit tiedostot. Sieltä löytyy kaksi tiedostoa (skyscraper.obj, skyscraper.mtl) ja kansio (skyscraper). Pakkaa ne kaikki zip-tiedostoon skyscraper.zip.</p><p style="margin: 0in 0in 7.5pt;"><span style="line-height: 18.5714px;">4.&nbsp;Mene SketchupOulu-sovelluksen sivulle osoitteeseen <a href="http://vm0106.virtues.fi/users/add_building_model/">http://vm0106.virtues.fi/users/add_building_model/</a>, jossa voit ladata tiedoston.</span><br></p><p class="MsoNormal"><span style="line-height: 18.5714px;"><b>Lisätietoja</b></span><b style="line-height: 18.5714px;">:</b><span style="line-height: 18.5714px;"><o:p></o:p></span></p><p class="MsoListParagraphCxSpFirst" style="line-height: 18.5714px; text-indent: -0.25in;">-<span style="font-stretch: normal; font-size: 7pt; line-height: normal; font-family: ''Times New Roman'';">&nbsp; &nbsp; &nbsp; &nbsp; &nbsp;&nbsp;</span>- Voit viedä mallin samaan tapaan SketchUpista Collada-tiedostona.<o:p></o:p></p><p style="line-height: 18.5714px;"></p><p class="MsoListParagraphCxSpLast" style="line-height: 18.5714px; text-indent: -0.25in;">-<span style="font-stretch: normal; font-size: 7pt; line-height: normal; font-family: ''Times New Roman'';">&nbsp;&nbsp;&nbsp;&nbsp;&nbsp;&nbsp;&nbsp;&nbsp;&nbsp;&nbsp;</span>- Kuvatiedostoja ei tarvitse pakata erikseen.</p>');
INSERT INTO `journal_contents` (`id`, `journal_id`, `locale`, `title`, `content`) VALUES(306, 115, 'en', 'How to upload models', '<p style="margin-top:0in;margin-right:0in;margin-bottom:7.5pt;margin-left:0in;\r\nline-height:13.95pt"><span style="font-size: 10pt; font-family: Helvetica, sans-serif;">At this moment SketchupOulu support the following file formats:<o:p></o:p></span></p><p style="margin: 0in 0in 7.5pt 0.5in; text-indent: -0.25in; line-height: 13.95pt;"><!--[if !supportLists]--><span style="font-size: 10pt; font-family: Symbol;">·<span style="font-stretch: normal; font-size: 7pt; line-height: normal; font-family: ''Times New Roman'';">&nbsp;&nbsp;&nbsp;&nbsp;&nbsp;&nbsp;&nbsp;&nbsp;\r\n</span></span><!--[endif]--><b><span style="font-size: 10pt; font-family: Helvetica, sans-serif;"><a href="https://en.wikipedia.org/wiki/COLLADA" target="_blank">COLLADA</a></span></b><span class="apple-converted-space"><span style="font-size: 10pt; font-family: Helvetica, sans-serif;">&nbsp;</span></span><span style="font-size: 10pt; font-family: Helvetica, sans-serif;">(COLLAborative Design Activity, normally\r\nwith extension<span class="apple-converted-space">&nbsp;</span><b>.DAE</b>) is an interchange file format for\r\ninteractive 3D applications. It is managed by the nonprofit technology\r\nconsortium, the Khronos Group, and has been adopted by ISO as a publicly\r\navailable specification, ISO/PAS 17506.<o:p></o:p></span></p><p style="margin: 0in 0in 7.5pt 0.5in; text-indent: -0.25in; line-height: 13.95pt;"><!--[if !supportLists]--><span style="font-size: 10pt; font-family: Symbol;">·<span style="font-stretch: normal; font-size: 7pt; line-height: normal; font-family: ''Times New Roman'';">&nbsp;&nbsp;&nbsp;&nbsp;&nbsp;&nbsp;&nbsp;&nbsp;\r\n</span></span><!--[endif]--><span style="font-size: 10pt; font-family: Helvetica, sans-serif;"><a href="https://en.wikipedia.org/wiki/Wavefront_.obj_file" target="_blank"><b>Wavefront .obj file</b></a><span class="apple-converted-space">&nbsp;</span>(or<span class="apple-converted-space">&nbsp;</span><b>.OBJ</b>) is a geometry definition file format\r\nfirst developed by Wavefront Technologies for its Advanced Visualizer animation\r\npackage. The file format is open and has been adopted by other 3D graphics\r\napplication vendors. For the most part it is a universally accepted format.<o:p></o:p></span></p><p style="margin: 0in 0in 7.5pt 0.5in; text-indent: -0.25in; line-height: 13.95pt;"><!--[if !supportLists]--><span style="font-size: 10pt; font-family: Symbol;">·<span style="font-stretch: normal; font-size: 7pt; line-height: normal; font-family: ''Times New Roman'';">&nbsp;&nbsp;&nbsp;&nbsp;&nbsp;&nbsp;&nbsp;&nbsp;\r\n</span></span><!--[endif]--><span style="font-size: 10pt; font-family: Helvetica, sans-serif;">Image file<span class="apple-converted-space">&nbsp;</span><b>.PNG</b>,<span class="apple-converted-space">&nbsp;</span><b>.JPG</b><span class="apple-converted-space">&nbsp;</span>and<span class="apple-converted-space">&nbsp;</span><b>.JPEG</b><o:p></o:p></span></p><p style="margin: 0in 0in 7.5pt; line-height: 13.95pt;"><span style="font-size: 10pt; font-family: Helvetica, sans-serif;">This\r\ntutorial will guide you during the process of uploading your Sketchup model to\r\nSketchupOulu.&nbsp;</span></p><p style="margin: 0in 0in 7.5pt; line-height: 13.95pt;"><span style="line-height: 13.95pt; text-indent: -0.25in; font-size: 10pt; font-family: Helvetica, sans-serif;">1. First, export your model using Sketchup</span><span style="line-height: 13.95pt; text-indent: -0.25in;">.\r\nYou can do that by clicking top menu File </span><b style="line-height: 13.95pt; text-indent: -0.25in;">(1)</b><span style="line-height: 13.95pt; text-indent: -0.25in;">\r\n=&gt; Export </span><b style="line-height: 13.95pt; text-indent: -0.25in;">(2) </b><span style="line-height: 13.95pt; text-indent: -0.25in;">=&gt; 3D Model </span><b style="line-height: 13.95pt; text-indent: -0.25in;">(3)</b></p><p style="margin: 0in 0in 7.5pt; line-height: 13.95pt;"><img src="http://vm0106.virtues.fi/static/images/email_pictures/YZZWBZH921BDfpJSJIiigj0NgDQ9AnoIVvzuBB630sVIvP4gUw.png" style="width: 383px;"></p><p style="margin: 0in 0in 7.5pt;"><span style="line-height: 18.6px;">2. A window appears, choose “Save as type” as “OBJ file (.obj)” <b>(1)</b>, choose filename <b>(2)</b> and directory <b>(3)</b> then click Export button <b>(4)</b>. Assume filename is skyscraper.</span></p><p style="margin: 0in 0in 7.5pt;"><img src="http://vm0106.virtues.fi/static/images/email_pictures/nGnAHiVybfCJQImkmkETqaRw0Qs876VfabVEQHF0UUxrKfbaFe.png" style="width: 474px;"></p><p style="margin: 0in 0in 7.5pt;">3. After the exporting finishes, go to the exported directory. There you can see 2 files (skyscraper.obj, skyscraper.mtl) and a directory (skyscraper). Compress them all to a single zip file.</p><p style="margin: 0in 0in 7.5pt;">4. Go to <a href="http://vm0106.virtues.fi/users/add_building_model/">http://vm0106.virtues.fi/users/add_building_model/</a> to upload the file.<br></p><p class="MsoNormal"><b>Note: </b><o:p></o:p></p><p class="MsoListParagraphCxSpFirst" style="text-indent:-.25in;mso-list:l1 level1 lfo3"><!--[if !supportLists]-->-<span style="font-stretch: normal; font-size: 7pt; line-height: normal; font-family: ''Times New Roman'';">&nbsp; &nbsp; &nbsp; &nbsp; &nbsp; </span>- Use the same process with Collada file<o:p></o:p></p><p>\r\n</p><p class="MsoListParagraphCxSpLast" style="text-indent:-.25in;mso-list:l1 level1 lfo3"><!--[if !supportLists]-->-<span style="font-stretch: normal; font-size: 7pt; line-height: normal; font-family: ''Times New Roman'';">&nbsp;&nbsp;&nbsp;&nbsp;&nbsp;&nbsp;&nbsp;&nbsp;&nbsp;\r\n</span>- With image files, you don’t need to compress\r\nthem<o:p></o:p></p><p></p>');

/*!40101 SET CHARACTER_SET_CLIENT=@OLD_CHARACTER_SET_CLIENT */;
/*!40101 SET CHARACTER_SET_RESULTS=@OLD_CHARACTER_SET_RESULTS */;
/*!40101 SET COLLATION_CONNECTION=@OLD_COLLATION_CONNECTION */;
